"OverallQual";"OverallCond";"YearRemodAdd";"MasVnrArea";"BsmtFinSF1";"TotalBsmtSF";"X1stFlrSF";"GrLivArea";"FullBath";"KitchenAbvGr";"TotRmsAbvGrd";"Fireplaces";"GarageYrBlt";"GarageCars";"GarageArea";"SalePrice"
7;5;5;196;706;856;856;1710;2;1;8;0;2003;2;548;208500
6;8;31;0;978;1262;1262;1262;2;1;6;1;1976;2;460;181500
7;5;6;162;486;920;920;1786;2;1;6;1;2001;2;608;223500
7;5;36;0;216;756;961;1717;1;1;7;1;1998;3;642;140000
8;5;8;350;655;1145;1145;2198;2;1;9;1;2000;3;836;250000
5;5;14;0;732;796;796;1362;1;1;5;0;1993;2;480;143000
8;5;2;186;1369;1686;1694;1694;2;1;7;1;2004;2;636;307000
7;6;36;240;859;1107;1107;2090;2;1;7;2;1973;2;484;200000
7;5;58;0;0;952;1022;1774;2;2;8;2;1931;2;468;129900
5;6;58;0;851;991;1077;1077;1;2;5;2;1939;1;205;118000
5;5;43;0;906;1040;1040;1040;1;1;5;0;1965;1;384;129500
9;5;0;286;998;1175;1182;2324;3;1;11;2;2005;3;736;345000
5;6;46;0;737;912;912;912;1;1;4;0;1962;1;352;144000
7;5;0;306;0;1494;1494;1494;2;1;7;1;2006;3;840;279500
6;5;48;212;733;1253;1253;1253;1;1;5;1;1960;1;352;157000
7;8;6;0;0;832;854;854;1;1;5;0;1991;2;576;132000
6;7;40;180;578;1004;1004;1004;1;1;5;1;1970;2;480;149000
4;5;39;0;0;0;1296;1296;2;2;6;0;1967;2;516;90000
5;5;4;0;646;1114;1114;1114;1;1;6;0;2004;2;576;159000
5;6;44;0;504;1029;1339;1339;1;1;6;0;1958;1;294;139000
8;5;0;380;0;1158;1158;2376;3;1;9;1;2005;3;853;325300
7;7;57;0;0;637;1108;1108;1;1;6;1;1930;1;280;139400
8;5;6;281;0;1777;1795;1795;2;1;7;1;2002;2;534;230000
5;7;31;0;840;1040;1060;1060;1;1;6;1;1976;2;572;129900
5;8;9;0;188;1060;1060;1060;1;1;6;1;1968;1;270;154000
8;5;2;640;0;1566;1600;1600;2;1;7;1;2007;3;890;256300
5;7;10;0;234;900;900;900;1;1;5;0;2005;2;576;134800
8;5;2;200;1218;1704;1704;1704;2;1;7;1;2008;3;772;306000
5;6;9;0;1277;1484;1600;1600;1;1;6;2;1957;1;319;207500
4;6;58;0;0;520;520;520;1;1;4;0;1920;1;240;68500
4;4;58;0;0;649;649;1317;1;1;6;0;1920;1;250;40000
5;6;2;0;0;1228;1228;1228;1;1;6;0;1966;1;271;149350
8;5;1;0;0;1234;1234;1234;2;1;7;0;2007;2;484;179900
5;5;51;0;1018;1398;1700;1700;1;1;6;1;1959;2;447;165500
9;5;2;246;1153;1561;1561;1561;2;1;6;1;2005;2;556;277500
8;5;1;132;0;1117;1132;2452;3;1;9;1;2004;3;691;309000
5;5;14;0;0;1097;1097;1097;1;1;6;0;1995;2;672;145000
5;6;19;650;1213;1297;1297;1297;1;1;5;1;1954;2;498;153000
5;7;3;0;731;1057;1057;1057;1;1;5;0;1953;1;246;109000
4;5;53;0;0;0;1152;1152;2;2;6;0;2003;0;0;82000
6;5;41;101;643;1088;1324;1324;2;1;6;1;1965;2;440;160000
5;6;48;0;967;1350;1328;1328;1;1;5;2;1959;1;308;170000
5;7;24;0;747;840;884;884;1;1;5;0;1983;2;504;144000
5;6;28;0;280;938;938;938;1;1;5;0;1977;1;308;130250
5;6;47;0;179;1150;1150;1150;1;1;6;0;1959;1;300;141000
9;5;5;412;456;1752;1752;1752;2;1;6;1;2005;2;576;319900
7;5;6;0;1351;1434;1518;2149;1;1;6;1;2003;2;670;239686
8;5;1;0;24;1656;1656;1656;2;1;7;0;2006;3;826;249700
4;5;1;0;0;736;736;1452;2;3;8;0;1941;0;0;113000
5;7;41;0;763;955;955;955;1;1;6;0;1966;1;386;127000
6;6;10;0;182;794;794;1470;2;1;6;0;1997;2;388;177000
6;6;56;0;0;816;816;1176;1;1;6;1;1985;2;528;114500
5;5;47;0;104;816;816;816;1;1;5;0;1963;2;516;110000
9;5;19;0;1810;1842;1842;1842;0;1;5;1;1981;3;894;385000
5;5;52;0;384;384;1360;1360;1;1;6;1;1962;2;572;130000
6;5;44;272;490;1425;1425;1425;2;1;7;1;1964;2;576;180500
8;5;9;456;649;970;983;1739;2;1;7;0;1999;2;480;172500
7;5;2;0;0;860;860;1720;2;1;7;0;2004;2;565;196500
10;5;0;1031;0;1410;1426;2945;3;1;10;1;2006;3;641;438780
5;7;36;0;632;780;780;780;1;1;4;0;1973;1;352;124900
6;5;2;0;941;1158;1158;1158;1;1;5;0;2006;2;576;158000
5;7;11;0;0;530;581;1111;1;1;6;0;1935;1;288;101000
8;5;1;178;24;1370;1370;1370;2;1;6;1;2006;2;484;202500
7;6;60;0;0;576;902;1710;2;1;9;0;1990;2;480;140000
7;5;11;573;739;1057;1057;2034;2;1;8;0;1998;2;645;219500
8;5;2;344;0;1143;1143;2473;2;1;9;1;2004;3;852;317000
7;5;21;287;912;1947;2207;2207;2;1;7;1;1970;2;576;180000
7;5;4;167;1013;1453;1479;1479;2;1;7;0;2003;2;558;226000
4;6;60;0;0;747;747;747;1;1;4;0;1945;1;220;80000
7;4;53;0;603;1304;1304;2287;2;1;7;1;1953;2;667;225000
7;6;34;1115;1880;2223;2223;2223;2;1;8;2;1973;2;516;244000
4;6;1;0;565;845;845;845;1;1;4;0;1987;2;360;129500
7;5;11;40;0;832;885;1718;2;1;7;1;1998;2;427;185000
5;7;7;104;320;1086;1086;1086;1;1;6;0;1989;2;490;144900
3;6;60;0;0;840;840;1605;2;2;8;0;1915;1;379;107400
4;5;36;0;462;462;526;988;1;1;5;0;1973;1;297;91000
4;7;52;0;228;952;952;952;1;1;4;0;1956;1;283;135750
5;5;7;0;336;672;1072;1285;1;1;6;0;1948;1;240;127000
4;5;42;0;0;1768;1768;1768;2;2;8;0;1940;0;0;136500
5;6;28;0;0;440;682;1230;1;1;5;0;1966;2;440;110000
6;6;41;576;448;896;1182;2142;2;1;8;1;1968;1;509;193500
6;5;8;443;1201;1237;1337;1337;2;1;5;0;1998;2;405;153500
8;5;1;468;33;1563;1563;1563;2;1;6;1;2007;3;758;245000
5;5;47;66;0;1065;1065;1065;1;1;6;0;1974;2;461;126500
7;5;13;22;0;384;804;1474;2;1;7;1;1995;2;400;168500
8;5;14;284;0;1288;1301;2417;2;1;9;1;1991;2;462;260000
6;5;4;0;0;684;684;1560;2;1;6;1;2005;2;400;174000
6;5;0;76;0;612;612;1224;2;1;4;0;2009;2;528;164500
3;2;27;0;0;1013;1013;1526;1;1;6;0;1962;0;0;85000
4;5;12;0;588;990;990;990;1;1;5;0;1964;0;0;123600
4;5;56;0;0;0;1040;1040;1;1;4;0;1950;2;420;109900
5;3;45;203;600;1235;1235;1235;1;1;6;0;1961;2;480;98600
5;7;3;0;713;876;964;964;1;1;5;0;1921;2;432;163500
6;6;9;0;1046;1214;1260;2291;2;2;9;1;1900;2;506;133900
6;5;10;0;648;824;905;1786;2;1;7;0;1997;2;684;204750
6;8;16;68;310;680;680;1470;2;1;6;1;1993;2;420;185000
7;5;7;183;1162;1588;1588;1588;2;1;6;0;1999;2;472;214000
4;5;42;48;520;960;960;960;1;1;6;0;1965;1;432;94750
5;5;60;0;108;458;835;835;1;1;5;0;1920;1;366;83000
4;5;51;0;569;950;1225;1225;1;1;6;0;1916;0;0;128950
6;7;9;28;1200;1610;1610;1610;2;1;6;2;1977;2;480;205000
6;5;25;336;0;741;977;1732;2;1;7;1;1985;2;476;178000
5;5;30;0;0;0;1535;1535;2;2;8;0;1979;2;410;118964
7;5;1;0;0;1226;1226;1226;2;1;6;0;2009;3;740;198900
7;4;57;600;224;1040;1226;1818;1;1;7;2;1951;1;240;169500
8;5;4;768;0;1053;1053;1992;2;1;9;1;2003;2;648;250000
4;7;12;0;0;641;1047;1047;1;1;6;0;1954;1;273;100000
5;5;58;0;104;789;789;789;1;1;5;0;1948;1;250;115000
5;7;2;0;0;793;997;1517;2;1;7;0;1982;0;0;115000
6;6;33;480;705;1844;1844;1844;2;1;7;1;1977;2;546;190000
6;4;34;0;444;994;1216;1855;2;1;7;0;1954;1;325;136900
7;5;10;0;250;384;774;1430;2;1;7;1;2000;2;400;180000
7;5;0;220;984;1264;1282;2696;2;1;10;1;2007;3;792;383970
6;5;54;184;35;1809;2259;2259;2;1;7;2;1953;2;450;217000
6;8;5;0;774;1028;1436;2320;2;1;9;1;1945;1;180;259500
6;5;8;1129;419;729;729;1458;2;1;5;1;1999;2;440;176000
5;5;47;116;170;1092;1092;1092;1;1;6;1;1962;1;288;139000
5;5;0;0;0;1125;1125;1125;1;1;5;0;2007;2;430;155000
7;5;20;0;1470;1673;1699;3222;3;1;11;2;1990;3;594;320000
6;5;0;0;0;728;728;1456;2;1;8;1;2005;2;390;163990
6;5;37;0;938;938;988;988;1;1;4;2;1969;2;540;180000
4;5;57;0;0;732;772;1123;1;1;4;0;1979;1;264;100000
6;7;50;135;570;1080;1080;1080;1;1;5;0;1958;1;288;136000
6;5;15;0;300;1199;1199;1199;2;1;5;0;1993;2;530;153900
6;5;11;0;0;1362;1586;1586;2;1;7;1;1979;2;435;181000
6;8;24;0;490;520;520;754;1;1;5;0;2002;0;0;84500
6;5;31;0;120;1078;958;958;2;1;5;1;1977;2;440;128000
5;7;57;0;116;672;840;840;1;1;5;1;1954;0;0;87000
6;5;40;266;512;660;660;1348;1;1;6;1;1966;2;453;155000
5;7;15;85;567;1008;1053;1053;1;1;6;0;1998;2;750;150000
7;6;40;309;445;924;1216;2157;2;1;8;2;1966;2;487;226000
6;5;9;40;695;992;1022;2054;2;1;7;1;2000;2;390;244000
5;6;5;0;405;1063;1327;1327;1;1;7;0;1974;2;624;150750
8;5;7;136;1005;1267;1296;1296;2;1;6;0;2001;2;471;220000
5;6;13;0;570;1461;1721;1721;2;1;7;1;1968;2;440;180000
7;6;38;288;0;1304;1682;1682;2;1;7;1;1970;2;530;174000
5;5;40;196;695;1214;1214;1214;2;1;5;1;1967;1;318;143000
7;5;17;70;0;1907;1959;1959;3;2;9;0;1989;3;766;171000
8;5;8;320;668;1004;1004;1852;2;1;7;2;1999;3;660;230000
6;5;12;0;821;928;928;1764;2;1;7;0;1997;2;470;231500
4;5;39;0;432;864;864;864;1;1;5;1;1920;0;0;115000
7;5;1;0;1300;1734;1734;1734;2;1;7;0;2005;2;660;260000
5;4;58;0;507;910;910;1385;2;1;6;0;2000;2;720;166000
7;5;10;183;679;1490;1501;1501;2;1;6;0;1999;2;577;204000
5;5;43;336;1332;1728;1728;1728;2;2;10;0;1963;2;504;125000
6;5;0;50;0;970;970;1709;2;1;7;0;2004;2;380;130000
5;7;16;0;209;715;875;875;1;1;5;0;1931;1;180;105000
7;5;9;180;0;884;884;2035;2;1;8;1;2001;2;434;222500
7;5;3;120;680;1080;1080;1080;1;1;6;0;1976;0;0;141000
5;4;56;0;0;896;896;1344;1;1;7;0;1936;1;240;115000
5;6;32;0;716;969;969;969;1;1;5;0;1975;2;440;122000
8;5;0;436;1400;1710;1710;1710;2;1;6;1;2007;3;866;372402
6;5;35;252;416;825;1097;1993;2;1;8;1;1971;2;495;190000
6;7;33;0;429;1602;1252;1252;1;1;4;1;1960;2;564;235000
6;5;56;0;0;1200;1200;1200;1;1;7;0;1923;1;312;125000
6;5;58;0;0;572;572;1096;1;1;5;0;1916;0;0;79000
5;7;56;0;0;0;1040;1040;1;1;5;0;1950;2;625;109500
8;5;0;84;0;774;774;1968;2;1;8;1;2009;3;680;269500
7;5;5;0;222;991;991;1947;2;1;8;1;2004;2;678;254900
7;5;0;456;57;1392;1392;2462;2;1;9;1;2006;2;576;320000
6;6;24;0;660;1232;1232;1232;2;1;6;0;1984;2;516;162500
9;5;4;664;1016;1572;1572;2668;2;1;10;2;2003;3;726;412500
7;5;5;226;1201;1541;1541;1541;2;1;7;1;2005;2;532;220000
4;6;51;0;0;882;882;882;1;1;4;0;1930;0;0;103200
6;7;3;0;370;1149;1149;1616;2;1;5;0;1926;1;216;152000
5;7;9;0;351;644;808;1355;2;2;6;0;1940;0;0;127500
5;5;16;0;379;1617;1867;1867;1;1;7;3;1955;1;303;190000
8;5;0;300;1288;1582;1610;2161;1;1;8;1;2007;3;789;325624
7;5;3;0;0;840;840;1720;2;1;7;1;2004;2;440;183500
8;6;25;653;0;1686;1707;1707;2;1;6;1;1981;2;511;228000
5;6;57;0;360;720;854;1382;1;1;7;0;1991;2;660;128500
6;5;50;112;639;1080;1656;1656;1;1;7;2;1960;2;528;215000
7;7;19;0;495;1064;1064;1767;2;1;5;1;1987;2;504;239000
6;5;47;491;288;1362;1362;1362;1;1;6;1;1961;2;504;163000
6;5;22;132;1398;1606;1651;1651;2;1;7;1;1986;2;616;184000
6;7;6;0;477;1202;2158;2158;2;1;7;1;1950;2;576;243000
6;5;18;268;831;1151;1164;2060;2;1;8;1;1988;2;521;211000
5;5;48;0;57;1052;1252;1920;2;1;8;1;1958;2;451;172500
9;5;0;748;1904;2216;2234;2234;2;1;9;1;2009;3;1166;501837
5;6;1;0;0;968;968;968;1;1;5;0;1935;2;480;100000
6;5;7;456;436;756;769;1525;2;1;5;1;2000;2;440;177000
7;6;56;0;352;793;901;1802;1;1;9;1;1920;1;216;200100
5;6;1;98;0;0;1340;1340;1;1;7;1;1957;1;252;120000
7;5;5;0;0;1362;1362;2082;2;1;6;0;2003;2;484;200000
5;8;15;0;0;504;936;1252;1;1;5;0;1986;2;576;127000
10;9;13;0;0;1107;1518;3608;2;1;12;2;1993;3;840;475000
7;5;18;0;611;1188;1217;1217;2;1;6;0;1990;2;497;173000
5;7;22;0;0;660;808;1656;2;1;8;0;1916;1;180;135000
5;5;30;275;1086;1086;1224;1224;0;2;6;2;1979;2;528;153337
8;5;6;0;1153;1593;1593;1593;1;1;5;1;2001;2;682;286000
8;8;13;0;297;853;1549;2727;2;1;10;2;1932;2;440;315000
7;9;3;138;626;725;725;1479;1;1;7;0;1972;2;484;184000
7;5;10;0;560;1431;1431;1431;2;1;6;0;1999;2;666;192000
7;5;2;50;0;970;970;1709;2;1;7;0;2004;2;380;130000
5;7;36;0;390;864;864;864;1;1;5;0;1989;1;352;127000
6;6;33;0;566;855;855;1456;2;1;7;1;1976;2;440;148500
7;5;0;205;1126;1726;1726;1726;2;1;8;1;2007;3;786;311872
8;4;16;0;1036;1360;1360;3112;2;1;8;1;1918;2;795;235000
6;6;59;0;0;755;929;2229;1;1;8;0;1938;0;0;104000
8;5;4;262;1088;1713;1713;1713;2;1;7;1;2004;3;856;274900
4;5;6;0;0;1121;1121;1121;2;1;5;0;2003;2;440;140000
6;6;31;0;641;1196;1279;1279;2;1;6;2;1980;2;473;171500
6;6;56;0;617;617;865;1310;2;1;6;0;1924;1;398;112000
6;5;4;205;662;848;848;848;1;1;3;1;2004;2;420;149000
5;7;59;0;312;720;720;1284;1;1;5;0;1948;1;240;110000
7;5;19;0;0;1424;1442;1442;2;1;5;0;1990;2;500;180500
5;5;45;0;0;1140;1696;1696;1;1;8;1;1962;1;349;143900
4;5;48;0;419;1100;1100;1100;1;1;6;1;1960;1;312;141000
7;5;18;128;1065;1157;1180;2062;2;1;7;1;1988;2;454;277000
6;7;44;260;787;1092;1092;1092;1;1;6;0;1964;2;504;145000
5;6;58;0;468;864;864;864;1;1;5;0;1978;0;0;98000
6;5;1;0;36;1212;1212;1212;2;1;6;0;2009;2;460;186000
7;5;0;0;822;900;932;1852;2;1;7;1;2009;2;644;252678
5;5;11;0;716;990;990;990;1;1;5;0;1996;2;576;156000
6;7;33;153;378;689;689;1392;1;1;6;0;1977;1;299;161750
5;6;10;64;360;1070;1236;1236;1;1;6;1;1957;1;447;134450
7;5;4;266;946;1436;1436;1436;2;1;8;0;2004;2;484;210000
4;4;56;0;0;686;810;1328;1;1;8;0;1940;1;210;107000
7;9;2;312;341;798;1137;1954;1;1;8;2;1939;2;431;311500
7;5;0;16;16;1248;1248;1248;2;1;5;0;2005;2;438;167240
7;5;0;0;0;1498;1498;1498;2;1;5;0;2006;2;675;204900
6;5;7;0;0;1010;1010;2267;2;1;8;1;2002;2;390;200000
6;6;31;0;550;713;811;1552;2;1;6;1;1975;2;434;179900
4;6;38;0;524;864;864;864;1;1;4;0;1989;2;576;97000
10;5;6;922;56;2392;2392;2392;2;1;8;1;2003;3;968;386250
5;5;38;142;0;630;630;1302;2;1;6;0;1991;1;280;112000
7;5;12;290;565;1203;1214;2520;2;1;9;1;1995;3;721;290000
6;6;38;127;321;483;483;987;1;1;5;0;1987;1;280;106000
5;5;43;0;842;912;912;912;1;1;5;1;1974;1;336;125000
7;5;3;16;16;1373;1555;1555;2;1;7;1;2005;2;430;192500
6;6;51;220;0;1194;1194;1194;1;1;6;0;1959;1;312;148000
8;5;13;506;689;1462;1490;2794;2;1;9;1;1995;3;810;403000
6;5;34;297;0;483;483;987;1;1;5;1;1972;1;288;94500
5;6;34;0;182;894;894;894;1;1;5;0;1976;1;308;128200
6;5;8;0;625;860;860;1960;2;1;8;2;2002;2;440;216500
6;3;37;604;358;483;483;987;1;1;5;0;1971;1;264;89500
7;5;6;98;24;1414;1414;1414;2;1;6;0;2004;2;494;185500
7;7;7;0;402;996;1014;1744;2;1;7;0;1993;2;457;194500
8;5;0;254;0;1694;1694;1694;2;1;7;0;2007;3;818;318000
6;4;60;0;94;735;798;1487;1;1;7;1;1949;1;220;113000
8;5;2;36;1078;1566;1566;1566;2;1;7;0;2008;2;750;262500
5;9;10;0;329;686;866;866;1;1;4;0;1925;0;0;110500
5;4;56;0;0;540;889;1440;1;1;6;0;1940;1;352;79000
6;6;29;0;0;626;626;1217;1;1;6;1;1980;1;288;120000
7;5;8;0;695;948;1222;2110;2;1;8;2;1994;2;463;205000
7;5;18;102;929;1845;1872;1872;2;1;6;1;1988;2;604;241500
6;8;56;0;0;1020;908;1928;2;2;9;0;1910;1;440;137000
6;5;52;0;0;1367;1375;1375;1;1;5;1;1954;2;451;140000
7;5;4;101;0;840;840;1668;2;1;8;0;2003;2;500;180000
6;7;1;472;697;1444;1444;2144;2;1;7;2;1958;2;389;277000
3;2;44;0;0;728;1306;1306;1;1;6;0;1940;0;0;76500
8;5;0;481;1573;1573;1625;1625;2;1;5;1;2006;2;538;235000
6;5;4;0;0;798;798;1640;2;1;6;0;2004;2;520;173000
6;7;16;108;270;1302;1302;1302;2;1;7;0;1964;1;309;158000
5;6;53;0;922;1314;1314;1314;1;1;5;0;1957;1;294;145000
7;5;7;302;0;975;1005;2291;2;1;8;1;1999;2;429;230000
6;5;5;0;503;864;864;1728;2;1;7;0;2003;2;673;207500
7;5;3;180;1334;1604;1604;1604;2;1;8;1;2006;2;660;220000
7;5;7;172;361;963;963;1792;2;1;7;1;2001;2;564;231500
5;5;52;0;0;0;882;882;1;1;4;0;1956;1;308;97000
6;5;47;399;672;1362;1382;1382;1;1;6;1;1991;2;884;176000
8;5;0;270;0;1482;1482;2574;2;1;10;1;2007;3;868;276000
6;7;11;46;506;506;1212;1212;1;1;6;1;1978;2;492;151000
5;7;9;0;234;926;926;1316;1;1;6;0;1974;2;484;130000
5;5;4;0;0;680;764;764;1;1;4;0;1965;2;504;73000
6;6;27;210;588;1422;1422;1422;2;1;7;1;1981;2;576;175500
6;5;9;0;714;802;802;1511;2;1;8;1;1997;2;413;185000
5;8;11;0;378;720;1052;2192;2;1;8;1;1939;1;240;179500
5;6;53;0;403;740;778;778;1;1;4;1;1966;1;924;120500
6;7;31;174;751;1143;1113;1113;1;1;6;1;1987;1;504;148000
8;5;0;0;0;1095;1095;1939;2;1;8;1;2006;3;1053;266000
7;7;3;0;226;1385;1363;1363;1;1;5;2;1954;2;439;241500
8;7;3;348;524;1152;1164;2270;2;1;9;1;1999;3;671;290000
6;6;21;183;620;1240;1632;1632;2;1;6;1;1958;1;338;139000
5;7;25;0;546;816;816;816;1;1;5;0;1982;1;264;124500
7;7;2;0;0;952;952;1548;2;1;5;0;1978;2;672;205000
7;5;7;0;0;1560;1560;1560;2;1;7;0;2003;2;573;201000
4;5;59;0;120;864;864;864;1;1;4;0;1951;2;400;141000
9;5;0;315;0;2121;2121;2121;2;1;8;1;2007;3;732;415298
7;5;31;299;392;1160;1156;2022;2;1;8;1;1977;2;505;192000
7;6;18;340;421;807;1175;1982;2;1;7;1;1989;2;575;228500
6;5;0;68;905;1262;1262;1262;2;1;5;0;2006;2;572;185000
7;5;1;166;904;1314;1314;1314;2;1;6;1;2008;2;626;207500
8;5;0;72;0;1468;1468;1468;2;1;6;1;2008;3;898;244600
6;5;15;0;430;1575;1575;1575;2;1;5;0;1992;2;529;179200
7;5;0;0;0;625;625;1250;2;1;5;0;2006;2;528;164700
6;7;25;0;600;912;1085;1734;1;1;7;1;1962;2;440;159000
4;4;35;0;614;858;858;858;1;1;5;0;1957;0;0;88000
5;5;43;31;450;882;900;900;1;1;5;0;1970;1;280;122000
6;7;4;0;0;698;698;1396;1;1;7;0;2003;1;384;153575
8;5;0;0;0;1079;1079;1919;2;1;8;1;2006;2;685;233230
5;6;8;0;210;780;936;1716;2;1;9;0;1906;0;0;135900
5;4;1;0;292;768;1148;1716;1;1;8;1;1949;1;281;131000
7;7;12;34;795;795;1468;2263;2;1;9;1;1977;2;539;235000
6;5;56;238;1285;1416;1644;1644;1;1;7;2;1953;2;418;167000
6;6;22;0;819;1003;1003;1003;1;1;6;0;1984;2;588;142500
5;5;57;0;420;910;910;1558;1;1;6;0;1950;1;282;152000
7;5;9;1600;649;975;975;1950;2;1;7;1;1997;2;576;239000
6;6;39;365;384;702;1041;1743;1;1;7;1;1968;2;539;175000
6;8;5;0;0;1092;1152;1152;1;1;6;1;1950;1;300;158500
5;5;53;56;841;1165;1336;1336;1;1;5;2;1953;1;375;157000
8;5;8;0;281;1028;1210;2452;2;1;9;1;1998;2;683;267000
7;5;4;150;0;1541;1541;1541;2;1;6;1;2001;3;843;205000
5;7;34;0;894;894;894;894;1;1;5;0;1975;2;552;149900
7;9;6;0;0;1470;1675;3493;3;1;10;1;2003;3;870;295000
8;5;2;246;1464;2000;2000;2000;2;1;8;0;2004;3;888;305900
7;5;16;246;700;700;1122;2243;2;1;8;1;1990;3;746;225000
6;7;58;0;0;319;1035;1406;1;1;6;0;1954;0;0;89500
4;5;59;0;262;861;861;861;1;1;4;0;1961;2;539;82500
9;5;2;0;1274;1896;1944;1944;2;1;8;3;2003;3;708;360000
6;5;12;112;518;697;697;1501;2;1;6;1;1993;2;420;165600
6;6;7;0;680;972;972;972;1;1;5;1;1948;1;240;132000
5;7;56;0;507;793;793;1118;1;1;5;1;1939;2;410;119900
7;5;44;0;1236;2136;2036;2036;2;1;8;2;1965;2;513;375000
7;7;16;0;16;728;832;1641;1;1;6;1;1925;2;546;178000
7;5;4;0;425;716;716;1432;2;1;6;1;2004;2;432;188500
7;7;29;278;692;845;1153;2353;2;1;10;1;1983;2;484;260000
8;5;1;0;0;1088;1088;1959;2;1;8;1;2006;3;1025;270000
7;5;16;256;987;1347;1372;2646;2;1;9;1;1993;3;656;260000
7;5;29;225;1036;1372;1472;1472;2;1;6;2;1980;2;588;187500
9;5;0;370;0;1249;1249;2596;3;1;9;0;2006;3;840;342643
8;5;3;388;970;1136;1136;2468;2;1;10;1;2004;3;872;354000
7;5;20;172;28;1502;1553;2730;2;1;8;1;1987;2;576;301000
3;8;1;0;256;1162;1163;1163;1;1;6;0;1955;1;220;126175
7;7;3;300;0;710;1898;2978;2;1;11;1;1961;2;564;242000
5;6;57;0;116;720;803;803;1;1;5;0;1941;2;360;87000
8;5;15;0;1619;1719;1719;1719;1;1;6;2;1993;2;473;324000
6;5;46;175;565;1383;1383;1383;1;1;7;0;1960;1;292;145250
6;6;15;0;0;844;1445;2134;2;1;10;0;1930;2;441;214500
5;5;59;0;0;596;596;1192;1;1;6;0;1920;1;189;78000
5;4;43;84;40;1728;1728;1728;2;2;10;0;2002;1;352;119000
5;6;15;0;846;1056;1056;1056;1;1;6;0;1958;1;308;139000
8;5;5;296;1124;3206;1629;1629;2;1;7;1;2003;3;880;284000
7;5;4;146;720;1358;1358;1358;2;1;6;1;2004;2;484;207000
6;5;10;0;828;943;943;1638;2;1;7;2;1998;2;472;192000
5;6;43;0;1249;1499;1619;1786;2;1;7;2;1965;2;529;228950
9;5;1;200;1249;1922;1922;1922;2;1;8;1;2005;3;676;377426
7;5;5;113;810;1536;1536;1536;2;1;7;0;2002;2;532;214000
7;7;8;0;213;1208;1621;1621;2;1;8;0;1984;2;440;202500
6;7;11;176;585;1215;1215;1215;1;1;6;0;1958;1;297;155000
8;5;8;0;0;967;993;1908;2;1;9;0;2002;2;431;202900
4;4;59;0;0;721;841;841;1;1;4;0;1950;1;294;82000
3;4;56;340;0;0;1040;1040;2;2;6;0;1949;2;400;87500
9;5;3;616;28;1684;1684;1684;2;1;6;1;2005;2;564;266000
5;3;34;0;129;536;536;1112;1;1;4;0;1976;1;336;85000
6;5;56;0;0;972;972;1577;1;1;6;1;1939;1;312;140200
6;8;9;0;498;958;958;958;1;1;5;0;1960;1;301;151500
6;5;49;30;1270;1478;1478;1478;2;1;6;2;1960;2;498;157500
7;5;4;106;573;764;764;1626;2;1;6;0;2003;2;474;154000
9;5;0;870;1410;1848;1848;2728;2;1;10;2;2006;3;706;437154
9;5;0;362;0;1869;1869;1869;2;1;6;1;2007;2;617;318061
7;5;20;0;1082;1453;1453;1453;1;1;6;1;1986;2;445;190000
5;6;58;0;236;616;616;1111;1;1;5;0;1941;1;200;95000
6;8;7;0;0;624;720;720;1;1;5;0;2005;2;484;105900
6;5;6;0;388;940;1192;1595;1;1;6;2;1940;1;240;140000
6;5;12;0;334;1200;1200;1200;2;1;6;0;1995;2;521;177500
6;6;17;106;560;1158;1167;1167;2;1;6;0;1992;2;400;173000
5;5;31;0;874;1142;1142;1142;1;1;6;1;1976;2;528;134000
5;4;48;120;300;1062;1352;1352;1;1;6;0;1958;1;288;130000
8;5;8;530;956;1086;1086;1924;2;1;7;1;1998;2;592;280000
6;6;29;0;773;888;912;912;1;1;5;1;1978;2;470;156000
5;5;26;0;399;883;988;1505;1;1;8;0;1940;1;240;145000
7;5;6;500;0;0;495;1922;3;1;7;1;2003;2;672;198500
6;8;2;510;162;483;483;987;1;1;5;0;1972;1;264;118000
6;5;30;120;712;796;790;1574;2;1;6;1;1976;2;566;190000
5;7;12;0;456;672;672;1344;1;1;6;0;1964;1;468;147000
6;5;46;247;609;1394;1394;1394;1;1;6;2;1963;2;514;159000
6;5;46;305;371;1099;1431;1431;1;1;6;1;1962;1;296;165000
5;6;56;200;540;1268;1268;1268;1;1;7;1;1954;1;244;132000
5;7;4;0;72;1063;1287;1287;1;1;7;1;1997;2;576;162000
6;5;6;0;0;953;953;1664;2;1;7;1;2000;2;460;172400
4;4;49;0;0;0;1120;1588;2;1;7;1;1991;2;680;134432
6;5;26;0;623;744;752;752;1;1;4;0;1984;1;264;125000
5;6;56;0;428;608;1319;1319;1;1;5;0;1953;1;270;123000
7;5;3;0;0;847;847;1928;2;1;8;1;2003;2;434;219500
1;1;59;0;350;683;904;904;0;1;4;0;1916;0;0;61000
5;5;10;0;298;870;914;914;1;1;5;0;1998;2;576;148000
8;5;2;0;0;1580;1580;2466;3;1;8;1;2004;2;610;340000
9;2;0;350;1445;1856;1856;1856;1;1;8;1;2010;3;834;394432
6;5;9;16;0;982;1007;1800;2;1;7;1;2000;2;463;179000
5;6;60;0;218;1026;1026;1691;2;1;6;1;1924;1;308;127000
7;5;0;0;0;1293;1301;1301;2;1;5;1;2006;2;572;187750
7;5;1;0;0;939;939;1797;2;1;8;0;2006;2;639;213500
6;3;59;0;0;784;784;784;1;1;5;0;1950;2;360;76000
6;5;15;0;985;1580;1079;1953;2;1;9;2;1992;2;501;240000
8;5;5;16;24;1256;1269;1269;2;1;6;1;2004;2;430;192000
5;3;10;0;0;658;658;1184;1;1;8;0;1930;0;0;81000
6;6;33;255;631;1041;1125;1125;1;1;6;1;1977;1;352;125000
7;5;8;125;0;1468;1479;1479;2;1;6;0;1999;2;577;191000
10;5;0;272;1280;1682;1742;2332;2;1;9;1;2008;3;846;426000
5;8;58;0;241;861;961;1367;1;1;7;0;1978;1;384;119000
6;5;7;0;690;804;804;1961;2;1;7;1;2001;2;560;215000
5;7;48;0;0;0;882;882;1;1;5;0;1959;1;294;106500
4;5;56;0;266;788;788;788;1;1;4;2;1916;0;0;100000
5;6;57;0;0;735;735;1034;1;1;5;0;1940;1;240;109000
5;6;54;0;739;1144;1144;1144;1;1;6;0;1956;1;596;129000
5;5;37;0;777;894;894;894;1;1;6;0;1985;2;600;123000
5;5;45;288;540;864;876;1812;2;1;8;1;1962;1;264;169500
5;2;57;0;0;961;1077;1077;1;1;6;0;1920;1;338;67000
7;5;2;100;812;1092;1112;1550;2;1;7;0;2007;2;438;241000
8;5;12;0;786;1260;1288;1288;1;1;4;2;1996;2;500;245500
7;5;1;0;24;1310;1310;1310;2;1;6;1;2005;2;400;164990
5;8;11;0;0;672;672;672;1;1;4;0;1940;1;240;108000
8;5;8;650;0;1141;1165;2263;2;1;10;1;1998;2;420;258000
6;5;11;0;0;806;806;1572;2;1;7;1;1995;2;373;168000
4;4;16;0;1116;1281;1620;1620;2;1;8;1;1993;2;490;150000
6;5;58;0;0;1064;1166;1639;1;1;6;0;1936;1;240;115000
6;7;32;0;0;840;840;1680;2;1;8;0;1960;1;308;177000
7;5;1;350;0;1063;1071;2172;2;1;9;1;2006;3;947;280000
8;5;0;100;789;1034;1050;2078;2;1;8;1;2008;3;836;339750
5;3;51;0;0;1276;1276;1276;1;1;5;0;1958;1;350;60000
5;5;51;0;1056;1056;1056;1056;1;1;5;0;1955;2;572;145000
7;5;1;432;578;1470;1478;1478;2;1;7;1;2009;2;484;222000
5;6;60;0;0;1008;1028;1028;1;1;5;1;1927;2;360;115000
7;5;15;0;50;1080;1080;2097;2;1;9;1;1993;3;678;228000
7;5;0;0;24;1340;1340;1340;2;1;6;0;2007;2;396;181134
6;7;28;203;209;672;672;1400;1;1;6;1;1978;2;440;149500
6;6;57;0;1128;1370;1370;2624;2;1;10;1;1918;3;864;239000
5;6;57;0;312;756;756;1134;1;1;7;0;1940;1;240;126000
5;6;42;0;775;1056;1056;1056;1;1;6;1;1968;1;304;142000
7;5;10;200;1309;1344;1344;1344;2;2;8;0;1997;4;784;206300
6;7;9;126;1246;1602;1602;1602;2;1;8;1;1977;2;529;215000
5;5;54;0;0;988;988;988;1;1;4;0;1954;2;520;113000
8;5;10;473;986;1470;1470;2630;2;1;8;1;1998;3;696;315000
6;5;52;74;616;1196;1196;1196;1;1;6;1;1956;1;297;139000
7;8;17;0;0;651;707;1389;1;1;6;2;1947;1;240;135000
7;5;20;145;1518;1518;1644;1644;2;1;5;1;1989;2;569;275000
4;6;51;0;288;907;907;907;1;1;5;0;1964;1;352;109008
7;5;0;108;664;1208;1208;1208;2;1;6;0;2007;2;628;195400
6;5;21;0;1005;1392;1412;1412;2;1;6;1;1988;2;576;175000
6;5;37;232;387;483;483;987;1;1;4;0;1971;1;264;85400
6;7;10;0;0;901;1088;1198;1;1;7;0;1925;0;0;79900
5;5;36;376;471;765;765;1365;1;1;6;0;1971;2;440;122500
6;5;10;0;0;926;926;1604;2;1;7;1;1997;2;470;181000
4;7;36;0;495;630;630;630;1;1;3;0;1964;0;0;81000
7;6;13;0;385;799;827;1661;2;1;6;1;1996;2;550;212000
6;8;56;0;0;648;734;1118;1;1;6;0;1990;2;440;116000
6;7;5;0;0;884;904;904;1;1;4;0;1926;1;180;119000
5;6;5;0;365;440;694;694;1;1;4;1;1990;1;352;90350
6;8;9;0;0;684;684;1196;1;1;7;0;2005;2;528;110000
10;5;1;200;1767;3094;2402;2402;2;1;10;2;2008;3;672;555000
4;4;53;270;133;1440;1440;1440;2;2;8;0;1960;0;0;118000
5;7;16;0;0;1078;1128;1573;2;1;8;1;1930;2;360;162900
7;5;0;72;0;1258;1258;1258;2;1;6;1;2007;3;648;172500
7;5;13;0;642;915;933;1908;2;1;8;1;1994;2;493;210000
6;5;53;0;0;1436;1689;1689;1;1;7;1;1956;2;480;127500
6;6;8;0;247;1517;1888;1888;2;1;6;1;1966;2;578;190000
7;5;7;0;0;930;956;1886;2;1;10;1;1998;2;431;199900
6;6;56;0;0;780;780;1376;2;1;7;1;1937;1;198;119500
3;7;5;0;331;649;679;1183;1;1;6;0;1981;1;308;120000
6;8;1;0;0;813;813;813;1;1;5;0;1932;1;270;110000
7;5;31;0;655;1533;1533;1533;2;1;5;2;1975;2;576;280000
6;5;10;42;742;872;888;1756;2;1;7;0;1996;2;422;204000
8;5;1;0;0;768;786;1590;2;1;6;0;2008;2;676;210000
5;5;30;0;1606;1728;1728;1728;2;2;8;0;1976;2;560;188000
7;6;34;320;916;1242;1242;1242;1;1;6;1;1973;2;528;175500
5;5;58;0;0;624;624;1344;1;1;7;0;1916;3;513;98000
4;6;14;0;1116;1364;1663;1663;1;1;6;2;1954;2;529;256000
8;7;12;0;0;588;833;1666;1;1;7;1;1925;1;228;161000
5;4;59;161;185;709;979;1203;1;1;5;1;1950;1;352;110000
8;5;0;110;544;832;832;1935;2;1;8;0;2009;2;552;263435
7;9;2;0;350;560;575;1135;1;1;6;0;1971;2;576;155000
5;5;44;0;553;864;864;864;1;1;5;1;1965;1;360;62383
6;7;13;0;326;715;849;1660;1;1;6;1;1939;1;240;188700
5;5;31;136;616;1040;1040;1040;2;1;5;0;1963;0;0;124000
7;5;2;18;0;1375;1414;1414;2;1;6;1;2004;2;398;178740
7;5;37;0;778;1277;1277;1277;1;1;5;1;1970;2;526;167000
5;7;12;224;386;728;888;1644;1;1;7;2;1942;1;312;146500
8;5;1;248;0;1626;1634;1634;2;1;7;1;2006;3;866;250000
6;5;15;120;426;832;832;1710;2;1;7;0;1993;2;506;187000
8;5;25;0;368;1488;1502;1502;1;1;4;0;1985;2;528;212000
7;6;30;0;0;808;1161;1969;2;1;8;1;1977;2;534;190000
6;5;3;80;459;547;1072;1072;1;1;5;0;2005;2;525;148000
8;5;0;304;1350;1976;1976;1976;2;1;7;1;2006;3;908;440000
8;5;7;0;1196;1494;1652;1652;2;1;6;0;2000;2;499;251000
5;6;44;0;630;970;970;970;1;1;5;0;1996;2;624;132500
6;5;10;215;994;1478;1493;1493;2;1;7;1;1997;2;508;208900
9;5;1;772;0;2153;2069;2643;2;1;9;1;2006;3;694;380000
8;5;1;336;1288;1705;1718;1718;2;1;7;1;2007;3;826;297000
4;7;7;435;168;907;1131;1131;1;1;7;0;1995;2;672;89471
9;5;1;378;1261;1833;1850;1850;2;1;8;1;2004;3;772;326000
9;5;2;562;1567;1792;1792;1792;2;1;6;1;2003;3;874;374000
7;8;4;0;299;910;916;1826;1;1;7;1;1915;1;164;155000
6;5;8;116;897;1216;1216;1216;2;1;5;0;1998;2;402;164000
5;7;6;0;588;999;999;999;1;1;6;0;1963;1;264;132500
5;7;2;0;607;1113;1113;1113;1;1;5;1;1950;1;264;147000
5;7;42;168;836;1073;1073;1073;1;1;6;0;1965;2;515;156000
5;6;36;0;998;1484;1484;1484;2;1;7;1;1971;2;487;175000
5;4;36;0;664;954;1766;2414;2;2;10;1;1970;2;520;160000
4;8;7;0;515;630;630;630;1;1;3;0;1970;1;286;86000
5;6;32;0;0;264;616;1304;1;1;4;1;1976;1;336;115000
6;7;56;0;403;806;958;1578;1;1;5;2;1941;1;240;133000
6;5;0;0;0;728;728;1456;2;1;8;0;2006;2;429;172785
5;6;48;0;374;1269;1269;1269;1;1;6;1;1964;1;308;155000
5;8;13;0;0;190;886;886;1;1;4;0;1938;1;273;91300
4;5;59;0;495;720;720;720;1;1;4;0;1940;0;0;34900
8;5;14;0;1231;3200;3228;3228;3;1;10;1;1992;2;546;430000
7;6;58;0;329;1026;1133;1820;2;1;8;0;1925;1;240;184000
5;7;5;89;450;864;899;899;1;1;5;0;1967;1;288;130000
5;7;22;0;111;912;912;912;1;1;5;0;1958;1;297;120000
6;5;34;285;356;672;672;1218;1;1;7;0;1973;1;264;113000
7;5;3;0;400;866;866;1768;2;1;7;0;2005;2;603;226700
5;7;42;0;698;1214;1214;1214;1;1;6;0;1965;2;461;140000
7;8;13;0;1247;1501;1801;1801;2;1;6;2;1959;2;484;289000
6;5;35;0;257;855;855;1322;2;1;6;1;1974;2;440;147000
5;5;57;360;0;960;960;1960;2;2;10;0;1952;2;400;124500
8;5;12;125;380;777;1065;1911;2;1;8;1;1993;2;471;215000
6;5;0;0;27;1218;1218;1218;2;1;4;0;2009;2;676;208300
7;9;3;0;141;689;689;1378;2;1;7;1;1928;2;360;161000
5;6;50;132;991;1041;1041;1041;1;1;6;0;1959;1;270;124500
5;7;9;70;650;1008;1363;1363;1;1;6;2;1951;1;288;164900
7;5;0;94;0;1368;1368;1368;2;1;6;1;2005;2;474;202665
5;5;48;0;521;864;864;864;1;1;5;0;1964;2;624;129900
6;5;24;0;336;1084;1080;1080;1;1;5;0;1983;2;484;134000
5;5;57;0;0;768;789;789;1;1;5;0;1926;1;200;96500
10;5;0;305;1436;2006;2020;2020;2;1;9;1;2009;3;900;402861
6;6;37;333;0;689;1378;2119;2;1;7;1;1972;2;583;158000
7;5;12;921;0;1264;1277;2344;2;1;7;1;1996;3;889;265000
6;5;9;0;706;794;882;1796;2;1;7;0;1998;2;546;211000
7;9;5;0;0;1276;1276;2080;1;1;9;2;1926;1;282;234000
4;7;8;0;0;0;694;1294;2;2;7;0;1926;0;0;106250
6;6;50;0;777;1244;1244;1244;1;1;6;2;1957;1;336;150000
6;7;56;0;399;1004;1004;1664;2;1;7;2;1950;2;420;159000
10;5;-1;762;2260;3138;3138;4676;3;1;11;1;2007;3;884;184750
7;5;10;594;719;1379;1383;2398;2;1;8;1;1996;3;834;315750
7;5;1;0;0;1257;1266;1266;2;1;6;1;2005;2;453;176000
5;7;7;0;377;928;928;928;1;1;4;0;1956;1;252;132000
9;5;0;268;1330;1452;1476;2713;2;1;11;1;2008;3;858;446261
4;7;5;0;348;528;605;605;1;1;5;0;1920;0;0;86000
6;3;32;0;1219;2035;2515;2515;3;2;9;2;1975;2;484;200624
6;5;19;219;783;1461;1509;1509;2;1;5;1;1988;2;600;175000
6;8;9;0;0;611;751;1362;2;1;6;0;1920;2;502;128000
5;7;3;0;0;0;827;827;1;1;5;1;1967;1;392;107500
1;3;57;0;0;0;334;334;1;1;2;0;1937;0;0;39300
8;5;2;0;0;707;707;1414;2;1;6;1;2004;2;403;178000
5;7;17;0;969;1117;820;1347;1;1;5;0;1916;0;0;107500
7;5;9;0;0;880;880;1724;2;1;8;0;1998;2;527;188000
4;5;36;0;600;864;864;864;1;1;5;0;1980;2;576;111250
5;5;38;188;673;1051;1159;1159;1;1;7;1;1968;1;336;158000
8;5;8;479;1358;1581;1601;1601;2;1;6;1;2001;2;670;272000
9;5;3;584;1260;1838;1838;1838;2;1;8;1;2006;3;765;315000
8;5;7;72;0;969;997;2285;2;1;8;1;2000;3;648;248000
7;5;10;0;144;1650;1680;1680;2;1;7;1;1998;2;583;213250
7;5;9;182;584;723;767;767;1;1;4;0;1998;1;367;133000
7;5;0;0;554;654;664;1496;2;1;7;1;2006;2;426;179665
7;5;18;178;1002;1204;1377;2183;2;1;9;0;1988;3;786;229000
6;7;57;0;300;1065;915;1635;1;1;6;1;1950;2;440;210000
5;7;37;0;619;768;768;768;1;1;5;0;1987;2;624;129500
5;7;13;0;180;825;825;825;1;1;4;0;1963;2;720;125000
7;5;5;0;0;912;912;2094;2;1;8;1;2003;2;615;263000
6;6;31;0;559;1069;1069;1069;2;1;4;0;1977;2;440;140000
5;6;51;0;308;928;928;928;1;1;5;0;1957;1;288;112500
8;5;3;250;0;1709;1717;1717;2;1;7;1;2006;3;908;255500
4;5;6;0;0;0;1126;1126;2;1;5;0;2002;2;520;108000
7;5;4;292;866;998;1006;2046;2;1;8;1;2003;3;871;284000
5;6;56;0;0;993;1048;1048;1;1;5;1;1922;1;280;113000
5;5;49;0;895;1092;1092;1092;1;1;6;1;1957;1;299;141000
4;6;56;0;637;637;897;1336;1;1;7;0;1994;1;570;108000
7;5;11;0;604;729;729;1446;2;1;6;1;1996;2;406;175000
7;5;2;18;0;1374;1557;1557;2;1;7;1;2003;2;420;234000
5;6;14;180;1302;1392;1392;1392;1;1;5;1;1957;2;528;121500
5;5;31;0;1071;1389;1389;1389;1;1;6;1;1975;2;418;170000
5;6;39;0;290;996;996;996;1;1;6;1;1914;0;0;108000
6;7;58;0;0;1163;1163;1674;2;1;8;1;1955;2;396;185000
7;5;6;0;728;1095;1166;2295;2;1;9;1;1992;2;590;268000
6;4;60;0;0;806;841;1647;1;1;6;0;1920;1;216;128000
9;5;1;245;0;1122;1134;2504;2;1;11;1;2005;3;656;325000
7;5;6;168;2;1517;1535;1535;2;1;7;0;2004;2;532;214000
8;8;0;0;1441;1496;1496;2132;1;1;5;1;1983;2;612;316600
5;5;27;0;943;943;943;943;1;1;4;2;1979;2;600;135960
5;5;43;108;231;1728;1728;1728;2;2;10;0;1987;2;576;142600
6;6;47;207;414;864;864;864;1;1;4;0;1959;1;288;120000
7;5;0;0;0;846;846;1692;2;1;6;0;2009;2;650;224500
7;5;7;0;0;384;774;1430;2;1;8;1;2000;2;400;170000
5;7;2;82;349;372;576;1109;1;1;5;0;1971;1;288;139000
5;5;58;0;442;832;832;1216;1;1;6;0;1947;1;336;118500
7;7;59;0;0;861;877;1477;2;1;6;1;1928;1;216;145000
5;6;40;97;328;1164;1320;1320;1;1;6;2;1966;2;564;164500
7;5;1;0;0;689;703;1392;2;1;5;0;2007;2;540;146000
5;5;54;335;0;1050;1050;1795;2;1;7;0;1954;1;352;131500
6;6;20;85;594;1144;1429;1429;1;1;7;2;1960;2;572;181900
8;5;0;306;0;2042;2042;2042;2;1;8;1;2009;3;1390;253293
6;5;17;104;816;816;816;816;1;1;5;0;1949;0;0;118500
10;9;8;0;0;1237;1521;2775;3;1;9;1;1988;2;880;325000
4;7;14;0;0;884;989;1573;1;1;6;0;1935;1;240;133000
8;5;0;208;1460;1868;2028;2028;2;1;7;2;2005;3;880;369900
6;7;8;0;210;816;838;838;1;1;5;0;1961;1;275;130000
5;6;27;0;672;840;860;860;1;1;4;0;1996;2;528;137000
5;8;6;0;1324;1437;1473;1473;1;1;5;2;1968;1;452;143000
5;6;48;0;0;742;779;935;1;1;4;0;1988;1;308;79500
7;5;4;0;490;770;770;1582;2;1;6;0;2004;2;520;185900
10;5;1;420;1338;1722;1728;2296;2;1;10;1;2008;3;842;451950
5;8;5;0;816;816;816;816;1;1;4;0;1985;2;816;138000
6;5;6;170;685;848;848;848;1;1;4;0;2003;2;420;140000
5;6;33;0;0;924;924;924;1;1;5;0;1981;1;280;110000
8;5;0;238;1422;1814;1826;1826;2;1;7;1;2005;3;758;319000
6;7;13;0;0;684;684;1368;1;1;7;0;1930;1;216;114504
7;5;0;72;0;1258;1402;1402;0;1;7;1;2006;3;648;194201
5;6;29;459;1283;1430;1647;1647;2;1;7;1;1977;2;621;217500
6;6;28;0;81;716;716;1556;2;1;6;1;1980;2;452;151000
8;5;1;280;546;1058;1058;1904;2;1;8;1;2003;2;736;275000
6;6;57;0;0;780;780;1375;1;1;6;1;1979;1;544;141000
8;5;14;0;789;908;927;1915;2;1;8;1;1992;2;506;220000
7;5;5;0;0;600;600;1200;2;1;4;0;2004;2;480;151000
7;5;6;99;922;1494;1494;1494;2;1;6;1;2002;2;530;221000
7;6;19;176;454;768;1186;1986;2;1;7;3;1965;2;486;205000
5;5;13;0;732;1040;1040;1040;1;1;6;0;2000;2;576;152000
5;8;4;0;603;896;1112;2008;3;1;8;0;1948;1;230;225000
8;6;9;0;428;965;1940;3194;2;1;10;2;1934;2;380;359100
4;5;46;192;903;1029;1029;1029;1;1;5;0;1961;1;261;118500
9;5;9;204;904;1440;1476;2153;2;1;8;2;2000;3;736;313000
6;6;29;233;605;1032;1032;1032;2;1;6;1;1978;2;564;148000
8;5;8;108;990;1299;1299;1872;2;1;7;1;2001;2;531;261500
5;5;0;0;206;1120;1120;1120;1;1;6;0;1976;0;0;147000
4;6;38;0;150;630;630;630;1;1;3;0;1962;0;0;75500
6;7;47;156;763;936;1054;1054;1;1;6;0;1963;2;480;137500
6;5;3;0;457;783;807;1509;2;1;7;1;2002;2;393;183200
6;6;54;0;0;832;832;832;1;1;4;0;1962;2;528;105500
9;5;0;452;48;1822;1828;1828;2;1;9;1;2007;3;774;314813
8;5;5;226;871;1482;1482;2262;2;1;10;2;2003;3;749;305000
3;3;58;0;41;864;864;864;1;1;5;0;1954;0;0;67000
6;7;11;0;956;1522;1548;2614;2;1;9;1;1974;2;624;240000
5;6;32;153;560;980;980;980;1;1;6;0;1986;2;484;135000
6;5;7;513;420;756;756;1512;2;1;4;1;2000;2;440;168500
6;5;34;288;247;732;1012;1790;1;1;8;1;1972;2;484;165150
6;6;48;261;0;1116;1116;1116;1;1;5;0;1962;2;440;160000
5;5;29;0;0;978;1422;1422;1;1;6;1;1960;1;286;139900
6;6;38;164;674;1156;1520;1520;1;1;7;2;1955;1;364;153000
5;5;38;192;650;1040;1040;2080;1;1;9;2;1969;2;504;135000
6;5;44;259;624;1248;1350;1350;1;1;6;0;1964;2;520;168500
5;6;15;0;0;636;1089;1750;1;1;8;0;1937;1;240;124000
8;5;1;108;24;1554;1554;1554;2;1;6;1;2006;2;627;209500
7;5;32;209;822;1386;1411;1411;2;1;6;1;1977;2;544;82500
5;7;2;0;480;1056;1056;1056;1;1;6;0;1954;1;260;139400
6;5;30;0;1056;1056;1056;1056;0;2;4;0;1980;2;576;144000
6;7;12;0;256;1440;1440;3395;2;2;14;0;1950;0;0;200000
2;3;59;0;0;264;800;800;1;1;4;1;1920;0;0;60000
5;4;55;0;0;811;811;1387;2;2;7;0;1954;1;256;93000
5;7;58;0;0;796;796;796;1;1;4;0;1954;0;0;85000
8;5;0;0;1154;1520;1567;1567;2;1;7;1;2006;3;648;264561
8;5;4;472;1218;1518;1518;1518;1;1;6;1;2003;2;588;274000
7;5;6;0;738;1057;1057;1929;2;1;7;1;2001;2;650;226000
8;7;14;0;1410;1952;2000;2704;2;1;9;3;1972;2;538;345000
5;5;38;263;493;780;780;1620;2;1;7;0;1969;2;462;152000
9;5;0;162;1121;1766;1766;1766;2;1;7;1;2009;3;478;370878
6;5;36;0;282;981;981;981;1;1;5;0;1979;2;576;143250
5;5;58;0;0;0;1048;1048;1;1;7;0;1950;2;420;98300
6;5;55;216;500;1094;1094;1094;1;1;5;2;1953;2;495;155000
6;5;44;351;0;756;1051;1839;1;1;7;1;1966;2;442;155000
4;6;37;0;131;630;630;630;1;1;3;0;1958;0;0;84500
7;6;1;0;0;813;822;1665;2;1;7;0;2007;2;562;205950
4;5;59;0;0;755;755;1510;1;1;7;1;1940;1;296;108000
7;5;13;0;0;880;909;1716;2;1;7;1;1996;2;512;191000
6;7;13;0;0;756;756;1469;1;1;7;0;1906;1;216;135000
8;6;13;660;1696;2109;2113;2113;2;1;7;1;1995;3;839;350000
6;5;39;381;0;525;525;1092;1;1;6;0;1971;1;264;88000
5;7;2;54;806;1053;1053;1053;1;1;5;0;1959;1;312;145500
7;6;8;0;0;776;851;1502;1;1;6;1;1931;1;270;149000
6;5;60;0;0;912;912;1458;1;1;6;1;1948;1;330;97500
5;7;10;0;637;1486;1486;1486;1;1;7;0;1968;2;480;167000
7;7;31;233;0;793;1142;1935;2;1;7;1;1976;2;550;197900
8;7;4;528;1361;1629;1686;2448;2;1;8;1;1994;3;711;402000
6;3;41;216;0;1392;1392;1392;1;1;5;2;1968;2;576;110000
4;5;36;0;920;1138;1181;1181;2;1;6;0;1974;2;588;137500
8;5;0;0;1721;2077;2097;2097;1;1;8;1;2005;3;1134;423000
8;5;6;40;0;1406;1454;1936;2;1;7;1;2000;2;504;230500
6;5;28;113;187;1021;1465;2380;2;1;7;1;1965;2;596;129000
6;5;10;258;1138;1408;1679;1679;2;1;7;1;1994;2;575;193500
5;6;19;0;988;1188;1437;1437;1;1;6;1;1999;2;576;168000
4;5;56;0;0;700;1180;1180;1;1;5;1;1922;1;252;137500
6;5;4;0;193;738;738;1476;2;1;7;0;2005;2;540;173500
6;6;59;0;551;672;697;1369;2;1;6;0;1930;1;300;103600
6;6;29;0;767;1208;1208;1208;1;1;6;1;1977;2;546;165000
6;7;3;106;1186;1477;1839;1839;2;1;7;2;1957;2;416;257500
6;6;43;0;892;1136;1136;1136;1;1;5;1;1965;1;384;140000
6;6;31;0;311;855;855;1441;2;1;7;1;1978;2;440;148500
4;2;56;0;0;1095;1095;1774;2;2;8;0;1920;3;779;87000
5;8;3;0;0;768;792;792;1;1;5;0;1924;1;240;109500
8;5;1;464;0;2046;2046;2046;2;1;7;1;2008;3;834;372500
5;5;46;57;827;988;988;988;1;1;5;0;1963;2;572;128500
6;5;30;0;543;923;923;923;2;1;5;1;1980;1;264;143000
5;5;9;0;182;793;848;1520;1;1;6;0;1968;1;281;159434
6;5;11;0;1003;1291;1291;1291;1;1;6;1;1996;2;431;173000
9;5;5;215;1059;1626;1668;1668;2;1;7;1;2002;3;702;285000
7;5;12;30;0;1195;1195;1839;2;1;7;0;1998;2;486;221000
7;5;23;0;828;1190;1190;2090;2;1;6;1;1984;2;577;207500
7;6;0;0;0;874;874;1761;3;1;7;0;2007;2;578;227875
7;5;3;0;239;551;551;1102;2;1;4;0;2004;2;480;148800
8;6;0;0;945;1419;1419;1419;2;1;7;1;2007;2;567;392000
6;5;1;256;20;1362;1362;1362;2;1;6;1;2005;2;460;194700
6;5;4;147;697;848;848;848;1;1;3;1;2004;2;420;141000
10;6;12;1170;1455;2444;2444;4316;3;1;10;2;1994;3;832;755000
7;5;16;293;965;1210;1238;2519;2;1;9;2;1989;2;628;335000
5;6;38;0;0;1073;1073;1073;1;1;4;0;1968;1;326;108480
5;6;59;0;0;927;1067;1539;1;1;5;0;1995;2;576;141500
6;6;19;72;980;1112;1137;1137;2;1;5;1;1987;2;551;176000
5;7;56;0;616;616;616;616;1;1;4;0;1921;1;205;89000
5;7;54;0;210;980;1148;1148;1;1;6;0;1952;1;308;123500
5;8;1;0;553;894;894;894;1;1;5;1;1973;1;336;138500
7;5;4;0;16;1391;1391;1391;2;1;5;0;2004;2;530;196000
8;5;4;630;1274;1800;1800;1800;2;1;7;1;2002;3;765;312500
7;5;37;168;0;1164;1164;1164;1;1;6;0;1969;2;528;140000
8;5;0;466;0;1234;1264;2576;2;1;10;1;2006;3;666;361919
5;9;14;0;0;360;1032;1812;2;2;8;1;1999;2;672;140000
7;5;5;109;712;1473;1484;1484;2;1;7;0;2004;2;606;213000
4;5;60;0;0;0;372;1092;2;2;7;0;1930;0;0;55000
7;5;5;351;1219;1643;1824;1824;2;1;5;2;1971;2;739;302000
8;5;3;176;863;1324;1324;1324;2;1;6;1;2006;2;550;254000
7;5;0;0;0;728;728;1456;2;1;8;1;2007;2;400;179540
5;7;42;41;0;876;904;904;1;1;6;0;1966;1;408;109900
3;6;5;0;0;270;729;729;1;1;5;0;1990;0;0;52000
4;7;60;0;0;859;859;1178;1;1;7;0;1964;1;384;102776
8;5;19;0;767;1228;1228;1228;2;1;5;1;1988;2;472;189000
4;5;36;160;789;960;960;960;1;1;6;0;1970;2;576;129000
6;8;5;289;533;725;725;1479;2;1;6;0;1976;2;475;130500
6;5;35;174;0;1064;1350;1350;2;1;7;1;1974;2;478;165000
7;8;9;0;0;718;1576;2554;1;1;8;0;1996;2;704;159500
5;6;8;0;1084;1176;1178;1178;1;1;5;1;1973;2;439;157000
7;5;14;651;1173;1311;1325;2418;2;1;9;1;1993;3;983;341000
5;6;37;0;523;971;971;971;1;1;5;1;1969;1;300;128500
8;5;21;0;1148;1742;1742;1742;2;1;5;1;1985;2;564;275000
6;5;6;169;662;848;848;848;1;1;3;0;2004;2;420;143000
4;7;39;0;191;864;864;864;1;1;5;0;1994;2;463;124500
4;6;36;0;0;941;997;1470;2;1;7;0;1958;1;548;135000
9;5;1;340;1234;1698;1698;1698;2;1;8;1;2007;3;768;320000
4;6;39;0;375;864;864;864;1;1;5;0;1989;2;660;120500
6;9;2;260;808;880;1680;1680;2;1;5;1;1988;2;540;222000
7;5;2;82;724;1232;1232;1232;2;1;6;0;2007;2;632;194500
5;5;51;95;0;1584;1776;1776;2;2;9;0;1968;3;888;110000
4;5;59;0;152;780;848;1208;1;1;5;0;1962;2;539;103000
8;5;14;0;1180;1595;1616;1616;2;1;5;1;1995;2;608;236500
7;5;4;442;786;868;1146;1146;2;1;6;1;2003;2;438;187500
7;5;9;202;252;1153;1153;2031;2;1;8;1;1998;2;541;222500
5;6;26;0;594;864;1144;1144;1;1;6;1;1961;1;264;131400
5;5;39;0;0;948;948;948;1;1;6;0;1968;1;300;108000
7;7;36;0;390;880;880;1768;1;1;6;2;1914;2;320;163000
3;4;56;0;0;0;1040;1040;2;2;6;0;1949;2;400;93500
8;5;1;0;0;893;901;1801;2;1;8;1;2005;3;800;239900
5;5;21;0;1200;1200;1200;1200;3;1;5;0;1981;0;0;179000
7;5;5;0;0;864;864;1728;2;1;7;0;2004;2;572;190000
5;7;5;0;0;264;768;1432;2;1;7;0;1910;2;360;132000
6;8;12;0;832;912;912;912;1;1;5;0;1962;1;288;142000
7;5;6;108;0;1349;1349;1349;2;1;6;0;2000;2;539;179000
5;6;10;0;444;520;1464;1464;2;1;6;1;1997;2;480;175000
8;5;15;0;733;1337;1337;1337;2;1;5;1;1993;2;462;180000
8;9;12;289;575;1142;1175;2715;3;1;11;2;1994;2;831;299800
7;5;9;0;300;952;980;2256;2;1;8;1;2000;2;554;236000
7;7;6;0;0;1240;1320;2640;1;1;8;1;1950;4;864;265979
7;5;14;338;919;1720;1720;1720;2;1;7;1;1996;2;527;260400
4;3;59;0;0;0;1088;1529;2;1;9;0;1945;1;240;98000
4;7;6;0;0;576;792;1140;1;1;7;0;1939;0;0;96500
7;5;4;0;0;660;660;1320;2;1;6;0;2003;2;400;162000
6;5;9;0;1200;1479;1494;1494;2;1;6;0;1997;2;576;217000
8;5;1;178;0;1030;1038;2098;2;1;8;1;2005;3;878;275500
6;8;4;0;439;1026;1026;1026;1;1;5;0;1969;2;440;156000
6;5;10;894;381;729;742;1471;2;1;6;0;1999;2;440;172500
8;5;2;0;20;866;866;1768;2;1;7;0;2007;2;578;212000
6;5;32;328;438;672;672;1386;2;1;6;1;1978;2;440;158900
7;5;9;360;549;744;757;1501;2;1;6;0;1999;2;440;179400
8;5;12;513;56;1318;1328;2531;2;1;9;1;1995;3;752;290000
6;6;50;0;612;864;864;864;1;1;5;0;2008;1;300;127500
5;5;59;0;405;1145;1301;1301;1;1;5;0;1965;2;440;100000
7;5;1;0;24;756;764;1547;2;1;7;0;2009;2;614;215200
8;5;10;673;1163;1252;1268;2365;2;1;8;1;1999;3;856;337000
8;5;10;0;437;1494;1494;1494;1;1;6;1;1995;2;481;270000
9;5;0;284;0;1498;1506;1506;2;1;6;1;2008;2;592;264132
7;5;22;42;394;980;980;1714;2;1;7;1;1988;2;496;196500
6;7;23;0;660;983;983;1750;2;1;7;0;1989;1;423;160000
7;5;1;0;24;1860;1836;1836;2;1;8;1;2004;2;484;216837
8;5;7;603;1416;1650;1690;3279;3;1;12;1;2003;3;841;538000
5;5;27;0;685;858;858;858;1;1;5;0;1983;2;576;134900
4;5;55;0;836;836;1220;1220;1;1;6;0;1951;2;396;102000
6;5;34;0;422;1029;1117;1117;1;1;6;1;1976;2;672;107000
5;5;49;1;456;912;912;912;1;1;5;0;1958;1;275;114500
8;5;1;375;0;1935;1973;1973;2;1;9;1;2006;3;895;395000
6;5;11;320;866;1204;1204;1204;2;1;5;0;1998;2;412;162000
7;5;0;240;20;1614;1614;1614;2;1;7;0;2005;3;865;221500
5;5;32;0;762;864;894;894;1;1;5;1;1974;2;440;142500
5;5;30;320;0;0;2020;2020;2;2;10;2;1977;2;630;144000
6;5;29;90;975;975;1004;1004;1;1;4;0;1977;2;504;135000
7;5;11;38;0;1237;1253;1253;2;1;6;1;1995;2;402;176000
6;5;14;0;387;761;810;1603;2;1;7;0;1992;2;484;175900
7;5;7;0;0;1413;1430;1430;2;1;6;0;2001;2;605;187100
5;6;31;104;1097;1097;1110;1110;1;1;4;1;1978;2;602;165500
6;6;7;0;0;742;742;1484;2;1;9;1;1967;0;0;128000
6;5;42;0;251;1372;1342;1342;2;1;7;1;1967;2;457;161500
5;6;60;0;686;686;966;1652;2;1;7;0;1961;1;416;139000
7;5;6;0;656;956;956;2084;2;1;8;0;2004;2;618;233000
4;7;8;0;0;901;901;901;1;1;4;0;1954;1;281;107900
6;8;0;157;568;832;976;2087;2;1;9;0;1966;2;444;187500
7;5;3;11;16;1145;1145;1145;2;1;5;1;2005;2;397;160200
6;5;31;0;539;1029;1062;1062;1;1;5;2;1976;2;539;146800
7;5;10;0;862;1117;1127;2013;2;1;8;1;1997;2;455;269790
8;5;0;140;0;1496;1496;1496;2;1;7;0;2007;2;474;225000
7;5;12;0;0;712;1086;1895;2;1;7;1;1994;2;409;194500
6;6;29;130;0;650;888;1564;2;1;7;1;1980;2;476;171000
6;5;30;148;0;660;1285;1285;1;1;7;1;1977;2;528;143500
5;5;55;0;570;773;773;773;1;1;4;0;1953;1;240;110000
9;5;0;860;0;1926;1966;3140;3;1;11;2;2009;3;820;485000
5;7;57;252;569;731;981;1768;1;1;7;2;1939;1;240;175000
6;5;11;0;462;616;616;1688;2;1;8;0;1997;2;603;200000
4;7;17;0;197;1196;1196;1196;1;1;5;0;1957;2;440;109900
7;5;3;0;648;728;728;1456;2;1;7;1;2005;2;410;189000
9;5;0;424;0;1734;1734;2822;3;1;12;1;2009;3;1020;582933
5;5;52;0;812;936;1128;1128;1;1;5;0;1954;1;286;118000
7;5;0;256;0;1417;1428;1428;2;1;6;0;2008;2;554;227680
5;5;39;0;400;980;980;980;2;1;6;0;1967;1;384;135500
5;6;5;0;1309;1324;1072;1576;1;1;6;1;1923;2;528;223500
5;5;40;1047;516;1024;1086;1086;1;1;6;1;1966;2;484;159950
5;5;44;0;0;849;1075;2138;2;3;11;0;1910;2;360;106000
6;6;7;99;663;1040;1309;1309;1;1;5;1;1974;2;484;181000
6;5;4;169;662;848;848;848;1;1;4;1;2004;2;420;144500
5;5;58;0;0;540;1044;1044;1;1;4;0;1952;2;504;55993
6;6;49;243;608;1442;1442;1442;1;1;7;0;1958;1;301;157900
5;7;56;0;0;686;686;1250;1;1;7;0;1955;1;280;116000
7;5;12;442;0;1649;1661;1661;2;1;6;0;1998;2;598;224900
5;6;52;0;486;1008;1008;1008;1;1;4;1;1954;1;275;137000
8;5;6;148;1218;1568;1689;1689;2;1;7;2;2002;3;857;271000
6;7;39;80;504;1010;1052;1052;1;1;6;0;1971;2;440;155000
7;5;0;128;733;1358;1358;1358;2;1;6;1;2010;2;484;224000
7;5;5;0;0;798;798;1640;2;1;6;0;2003;2;595;183000
4;4;56;0;0;936;936;936;1;1;4;0;1974;2;576;93000
7;5;4;0;0;847;847;1733;2;1;7;1;2003;2;433;225000
6;7;59;0;0;778;944;1489;2;1;7;1;1940;1;240;139500
8;5;0;0;0;1489;1489;1489;2;1;7;1;2006;2;776;232600
10;5;0;816;1636;2078;2084;2084;2;1;7;1;2007;3;1220;385000
5;6;58;0;784;784;784;784;1;1;5;0;1916;0;0;109500
7;5;8;0;20;1454;1434;1434;2;1;6;1;2001;2;527;189000
5;5;42;0;249;1013;1160;2126;2;1;7;0;1967;2;538;185000
7;5;1;0;0;600;520;1223;2;1;4;0;2005;2;480;147400
6;5;51;387;1040;1392;1392;1392;1;1;6;2;1957;2;458;166000
7;5;1;0;0;600;520;1200;2;1;4;0;2005;2;480;151000
7;6;7;223;483;941;941;1829;2;1;7;1;2003;2;613;237000
6;6;45;180;196;1516;1516;1516;1;1;6;0;1964;2;472;167000
5;6;47;136;572;1144;1144;1144;1;1;6;0;1961;2;456;139950
4;7;15;0;442;1067;1067;1067;2;1;4;0;1996;2;436;128000
5;6;34;0;338;1559;1559;1559;1;1;5;0;1948;2;812;153500
6;5;35;158;330;483;483;987;1;1;5;0;1973;1;264;100000
5;6;2;0;0;1099;1099;1099;1;1;6;0;1999;1;352;144000
5;6;13;0;352;768;768;1200;1;1;6;0;1946;1;240;130500
6;8;58;0;156;672;810;1482;2;1;7;0;1934;1;400;140000
5;8;6;0;0;650;958;1539;2;1;8;1;1983;2;686;157500
6;7;42;183;312;1127;1165;1165;1;1;6;0;1966;2;490;174900
5;4;46;0;0;1800;1800;1800;2;2;10;0;1941;0;0;141000
5;8;58;0;0;876;876;1416;1;1;7;1;1949;3;720;153900
5;5;26;0;1390;1390;1701;1701;2;1;6;2;1975;2;611;171000
7;5;16;137;513;740;1006;1775;2;1;7;1;1993;2;425;213000
5;6;37;0;460;864;864;864;1;1;5;1;1972;1;338;133500
6;8;11;0;0;907;1307;2358;3;1;10;1;1908;2;360;240000
6;7;13;360;0;528;1094;1855;2;1;7;1;1976;2;512;187000
6;5;4;170;659;848;848;848;1;1;3;0;2003;2;420;131500
8;5;3;40;0;1273;1456;1456;2;1;7;1;2003;2;400;215000
7;5;57;0;364;918;918;1646;2;1;7;2;1941;1;240;164000
6;6;45;115;564;1127;1445;1445;1;1;7;1;1964;2;645;158000
5;4;32;0;306;1763;1779;1779;1;1;6;1;1955;2;454;170000
5;8;0;0;659;1040;1040;1040;1;1;6;0;1962;1;260;127000
6;6;30;0;505;940;1026;1026;1;1;5;0;1981;2;576;147000
6;5;14;0;0;702;702;1481;2;1;6;1;1994;2;343;174000
7;5;33;189;0;1090;1370;1370;2;1;6;1;1976;2;479;152000
6;7;22;220;619;1054;1512;2654;2;1;9;1;1968;2;619;250000
7;8;9;0;0;912;912;1426;1;1;7;1;1925;1;216;189950
5;4;45;0;841;1039;1039;1039;1;1;6;0;1965;2;504;131500
6;5;25;0;338;1040;1097;1097;2;1;6;0;1986;2;480;152000
5;5;50;0;1148;1148;1148;1148;1;1;6;0;1959;1;672;132500
7;5;0;0;0;1372;1372;1372;2;1;6;0;2008;2;529;250580
5;6;39;76;828;1002;1002;1002;1;1;5;0;1973;2;902;148500
8;5;0;274;0;1638;1646;1646;2;1;6;1;2007;3;870;248900
4;5;46;0;932;1040;1120;1120;1;1;5;0;1961;2;544;129000
5;6;56;0;0;0;1547;2320;2;1;7;1;1979;2;672;169000
7;5;16;246;750;1050;1062;1949;2;1;8;1;1993;2;574;236000
5;5;47;0;0;894;894;894;1;1;5;0;1962;1;308;109500
6;5;12;116;505;804;804;1682;2;1;7;0;1998;2;523;200500
5;7;12;0;0;105;910;910;1;1;5;0;1953;2;414;116000
5;7;59;0;375;832;1036;1268;1;1;6;1;1949;1;288;133000
5;6;59;0;0;676;676;1131;1;1;5;0;1941;1;200;66500
8;5;0;0;64;1184;1184;2610;2;1;11;1;2007;2;550;303477
4;5;44;0;633;1064;1040;1040;1;1;5;0;1963;2;648;132250
9;5;4;216;1170;1462;1462;2224;2;1;10;1;2004;3;738;350000
5;7;15;0;899;1109;1155;1155;1;1;6;0;1987;2;576;148000
5;8;4;90;646;864;864;864;1;1;6;0;1978;1;336;136500
5;5;1;0;980;1090;1090;1090;1;1;5;0;2005;2;450;157000
7;5;16;117;902;1156;1187;1717;2;1;7;1;1990;2;400;187500
6;5;16;0;0;808;808;1593;2;1;7;1;1993;2;389;178000
4;5;56;0;0;795;954;2230;1;1;10;0;1997;1;440;118500
5;5;42;60;432;892;892;892;1;1;5;0;1967;1;288;100000
9;5;8;60;1238;1698;1709;1709;2;1;5;1;1999;2;506;328900
5;5;1;122;528;1626;1712;1712;2;2;8;0;2005;2;588;145000
5;7;53;0;0;816;872;1393;1;1;8;0;1955;1;300;135500
8;6;37;0;351;2217;2217;2217;2;1;8;1;1970;2;621;268000
6;4;56;90;1024;1505;1505;1505;1;1;6;1;1953;2;505;149500
5;7;1;0;0;672;672;924;1;1;6;1;2003;2;576;122900
6;5;31;92;226;918;918;1683;2;1;7;1;1978;2;440;172500
6;8;3;0;663;1059;1068;1068;1;1;6;0;1963;1;264;154500
5;5;54;0;1064;1383;1383;1383;1;1;6;1;1954;1;354;165000
5;5;30;0;0;0;1535;1535;2;2;8;0;1979;2;400;118858
6;5;45;415;400;780;983;1796;1;1;8;1;1963;2;483;140000
4;6;56;0;285;951;951;951;1;1;6;0;1936;1;327;106500
5;5;30;0;0;0;1120;2240;2;2;12;0;1979;2;528;142953
9;5;0;760;2188;2330;2364;2364;2;1;11;2;2009;3;820;611657
5;7;12;0;465;912;1236;1236;1;1;6;1;1961;1;288;135000
4;6;36;0;322;858;858;858;1;1;4;0;1979;1;684;110000
5;7;9;0;860;992;1306;1306;1;1;5;0;1968;1;756;153000
7;5;3;0;0;783;807;1509;2;1;8;1;2003;2;393;180000
7;5;0;27;0;1670;1670;1670;2;1;7;1;2006;3;690;240000
5;6;40;75;599;876;902;902;1;1;6;0;1967;1;288;125500
5;5;56;110;354;1056;1063;1063;1;1;6;0;1954;1;280;128000
8;5;1;208;63;1623;1636;1636;2;1;8;1;2006;3;865;255000
7;7;19;0;223;1017;1020;2057;1;1;6;1;1936;1;180;250000
5;5;23;0;301;864;902;902;1;1;5;0;1983;2;484;131000
6;5;4;0;0;742;742;1484;2;1;8;1;2005;2;390;174000
5;5;50;361;443;1105;1105;2274;2;2;12;0;1960;2;480;154300
5;7;20;0;196;1268;1268;1268;1;1;5;0;1978;1;252;143500
5;7;56;0;489;768;1015;1015;1;1;6;0;1925;1;450;88000
5;6;57;0;284;1001;1001;2002;2;2;8;0;1949;3;871;145000
6;5;0;76;294;612;612;1224;2;1;4;0;2009;2;528;173733
4;5;37;80;0;546;546;1092;1;1;6;0;1970;1;286;75000
2;3;56;0;50;480;480;480;0;1;4;0;1958;1;308;35311
4;6;53;0;1059;1134;1229;1229;1;1;6;0;1956;1;284;135000
7;5;16;0;48;1104;912;2127;2;1;8;1;1991;3;833;238000
6;8;6;0;528;1184;1414;1414;1;1;6;1;1990;2;601;176500
6;5;13;105;814;928;936;1721;2;1;7;0;1994;2;471;201000
5;7;5;0;1084;1272;1272;2200;2;2;9;0;1954;0;0;145900
6;5;0;0;28;1316;1316;1316;2;1;6;1;2005;2;397;169990
6;5;14;0;165;1604;1617;1617;2;1;5;1;1993;2;533;193000
6;6;26;157;625;1686;1686;1686;2;1;7;1;1980;2;612;207500
5;6;31;0;767;1126;1126;1126;2;1;6;0;1977;2;540;175000
8;5;3;340;0;1181;1234;2374;2;1;10;1;2003;3;656;285000
7;5;40;342;552;832;1098;1978;2;1;9;1;1968;2;486;176000
8;5;8;0;0;1753;1788;1788;2;1;7;1;2001;2;522;236500
7;5;9;285;0;964;993;2236;2;1;8;1;1997;2;642;222000
8;5;2;0;16;1466;1466;1466;2;1;7;0;2007;3;610;201000
5;6;44;0;338;925;925;925;1;1;5;0;1965;1;429;117500
9;5;1;302;0;1905;1905;1905;2;1;8;1;2006;3;788;320000
7;5;5;210;20;1500;1500;1500;2;1;6;0;2004;2;570;190000
7;7;1;0;425;585;2069;2069;2;1;9;1;1960;2;505;242000
4;5;53;108;0;600;747;747;1;1;5;0;1953;2;528;79900
7;5;6;0;833;1176;1200;1200;2;1;5;0;2003;2;555;184900
7;5;4;0;341;1113;1113;1971;2;1;8;1;2005;2;689;253000
7;5;0;0;464;1391;1391;1962;2;1;7;0;2006;3;868;239799
7;7;60;0;0;1032;1207;2403;2;1;10;2;1940;1;349;244400
6;5;30;0;936;1728;1728;1728;2;2;8;0;1976;2;574;150900
7;5;10;298;772;992;1022;2060;2;1;8;1;1999;2;390;214000
4;3;30;0;1440;1440;1440;1440;2;2;8;0;1954;0;0;150000
5;4;40;0;0;1632;1632;1632;2;2;8;0;1967;2;576;143000
6;6;51;541;111;819;1344;1344;1;1;7;1;1958;2;525;137500
5;6;13;0;1088;1088;1188;1869;1;1;7;0;1963;2;456;124900
5;6;47;128;748;1144;1144;1144;1;1;6;1;1959;1;796;143000
8;5;4;236;1300;1616;1629;1629;2;1;9;1;2002;3;808;270000
7;5;4;144;0;936;936;1776;2;1;7;1;2002;2;474;192500
6;7;4;0;982;1161;1381;1381;1;1;5;1;1972;2;676;197500
5;8;5;0;398;864;864;864;1;1;5;0;1980;2;720;129000
5;5;41;0;641;828;965;965;1;1;6;0;1979;1;300;119900
5;8;6;0;660;768;768;768;1;1;5;0;1974;1;396;133900
5;4;39;232;562;784;1168;1968;2;1;7;1;1969;2;530;172000
6;5;31;250;945;945;980;980;2;0;4;0;1949;0;0;127500
6;6;57;423;484;979;979;1958;2;2;8;0;1946;2;492;145000
6;6;29;0;285;561;561;1229;1;1;5;1;1980;2;462;124000
5;5;45;0;417;1057;1057;1057;1;1;6;0;1977;2;576;132000
7;5;4;0;699;1337;1337;1337;2;1;6;0;2003;2;531;185000
7;5;11;0;604;696;696;1416;2;1;6;0;1999;2;484;155000
5;7;2;0;696;858;858;858;1;1;4;0;1962;0;0;116500
6;7;13;424;896;1330;1542;2872;2;1;11;1;1977;2;619;272000
6;6;31;0;556;804;804;1548;2;1;7;1;1976;2;440;155000
9;5;2;0;0;1800;1800;1800;2;1;7;0;2007;2;702;239000
7;5;7;44;624;817;824;1894;2;1;8;1;2002;2;510;214900
6;5;0;0;0;783;783;1484;2;1;8;1;2005;2;393;178900
5;7;59;0;428;728;976;1308;1;1;7;2;1940;1;256;160000
5;7;53;151;902;1098;1098;1098;1;1;6;0;1955;1;260;135000
3;6;59;0;0;600;600;968;1;1;6;0;1930;0;0;37900
6;5;48;105;513;588;1095;1095;1;1;6;0;1958;1;264;140000
4;4;56;0;0;720;720;1192;1;1;6;0;1950;0;0;135000
7;5;5;106;567;764;764;1626;2;1;6;0;2003;2;474;173000
6;5;31;0;0;918;918;918;2;1;5;1;1979;1;264;99500
7;5;0;0;0;1428;1428;1428;2;1;6;0;2007;2;480;182000
7;8;16;0;0;728;1136;2019;1;1;8;0;1997;2;532;167500
7;5;6;0;641;673;673;1382;2;1;6;0;2000;2;490;165000
4;7;48;0;0;440;869;869;1;1;4;0;1954;0;0;85500
7;5;0;225;1106;1241;1241;1241;1;1;4;0;2007;2;569;199900
4;5;53;0;552;894;894;894;1;1;5;0;1999;2;400;110000
5;6;46;0;651;1121;1121;1121;1;1;5;0;1963;2;480;139000
7;9;1;210;867;944;999;999;1;1;6;0;1961;2;588;178400
8;5;10;975;854;1225;1276;2612;2;1;8;1;1998;3;676;336000
7;5;1;16;0;1266;1266;1266;2;1;6;1;2007;2;388;159895
8;5;6;0;0;1128;1149;2290;2;1;9;1;2002;2;779;255900
5;5;32;0;0;0;1302;1734;2;2;8;0;1977;2;539;126000
5;5;58;0;1040;1164;1164;1164;1;1;5;0;1950;1;240;125000
6;8;3;0;0;485;1001;1635;1;1;5;0;1950;1;255;117000
9;5;0;450;1646;1930;1940;1940;2;1;8;1;2010;3;606;395192
6;6;31;298;156;848;1118;2030;2;1;8;1;1976;2;551;195000
7;5;0;0;0;770;778;1576;2;1;6;0;2006;2;614;197000
8;5;8;423;1074;1396;1407;2392;2;1;7;1;1997;3;870;348000
8;9;23;0;216;916;916;1742;1;1;8;1;1925;2;424;168000
6;8;14;340;536;822;1020;1851;2;1;7;1;1964;2;440;187000
6;5;0;0;0;750;750;1500;2;1;6;0;2005;2;564;173900
10;5;2;230;1172;1700;1718;1718;2;1;7;1;2008;3;786;337500
4;7;56;0;384;747;774;1230;1;1;5;0;1946;1;305;121600
5;6;45;0;915;1050;1050;1050;1;1;6;0;1961;1;368;136500
6;6;39;571;0;1442;1442;1442;2;1;6;1;1970;2;615;185000
3;4;56;0;0;1007;1077;1077;1;1;6;1;1922;1;210;91000
7;5;4;24;686;1187;1208;1208;2;1;6;0;2006;2;632;206000
3;3;57;0;0;0;944;944;1;1;4;0;1956;2;528;82000
5;6;57;0;0;691;691;691;1;1;4;0;1920;1;216;86000
8;5;2;53;24;1574;1574;1574;2;1;7;1;2006;3;824;232000
5;6;31;164;0;1680;1680;1680;2;2;8;0;1976;2;528;136905
7;5;3;16;16;1346;1504;1504;2;1;7;1;2005;2;457;181000
5;8;31;220;595;985;985;985;2;1;6;0;1977;1;328;149900
6;3;37;0;1237;1657;1657;1657;2;1;7;1;1970;2;484;163500
4;4;39;0;273;546;546;1092;1;1;6;0;1970;1;286;88000
7;5;4;108;0;1710;1710;1710;2;1;7;1;2004;2;550;240000
5;5;56;0;0;1008;1008;1522;2;1;7;0;1965;0;0;102000
5;5;58;0;0;720;720;1271;2;1;7;1;1948;1;312;135000
5;5;45;0;0;0;1664;1664;2;2;8;0;1950;0;0;100000
6;7;11;0;0;602;900;1502;1;1;7;2;1923;1;180;165000
5;4;3;0;247;1022;1022;1022;1;1;4;0;1956;1;280;85000
6;5;57;206;336;1082;1082;1082;1;1;5;1;1948;1;240;119200
8;6;8;0;643;810;810;1665;2;1;6;0;2001;2;528;227000
7;5;13;196;690;1504;1504;1504;2;1;6;1;1996;2;478;203000
8;5;25;0;1036;1220;1360;1360;1;1;4;1;1984;2;565;187500
7;5;15;76;0;384;802;1472;2;1;7;1;1991;2;402;160000
7;5;1;145;16;1362;1506;1506;2;1;6;1;2005;2;440;213490
4;5;3;0;1024;1132;1132;1132;1;1;5;0;2005;2;451;176000
7;5;0;84;684;1199;1220;1220;2;1;6;0;2006;2;632;194000
5;5;57;0;324;912;912;1248;1;1;6;0;1957;1;160;87000
7;5;2;14;16;1346;1504;1504;2;1;7;1;2005;2;437;191000
8;6;32;0;1165;1565;2898;2898;2;1;10;1;1976;2;665;287000
5;5;35;0;138;882;882;882;1;1;5;0;1980;2;461;112500
5;5;50;324;697;1268;1264;1264;1;1;6;2;1960;2;461;167500
8;5;0;338;1513;1638;1646;1646;2;1;7;1;2008;3;800;293077
5;5;57;0;368;768;968;1376;1;1;6;1;1941;1;240;105000
6;7;34;281;317;672;672;1218;1;1;7;0;1972;1;264;118000
5;8;11;0;0;686;948;1928;2;2;10;0;1938;0;0;160000
7;3;39;0;523;824;1687;3082;2;1;12;2;1970;2;672;197000
8;7;13;0;1012;1338;1352;2520;2;1;10;1;1993;3;796;310000
7;5;4;295;986;1654;1654;1654;2;1;6;0;2002;3;900;230000
5;7;57;0;0;920;954;954;1;1;5;1;1938;1;240;119750
4;3;52;0;0;0;845;845;1;1;5;0;1957;1;290;84000
9;5;1;70;1022;1620;1620;1620;2;1;6;1;2008;3;912;315500
8;5;6;396;0;1055;1055;2263;2;1;7;1;2001;2;905;287000
4;6;1;0;0;546;798;1344;1;1;6;1;1957;0;0;97000
4;4;39;0;509;630;630;630;1;1;3;0;1970;1;286;80000
5;4;6;67;168;1134;1803;1803;2;1;8;1;1957;2;484;155000
6;8;8;252;400;800;800;1632;1;1;7;0;1966;2;484;173000
6;5;4;135;900;1306;1306;1306;2;1;5;1;2005;2;624;196000
7;5;18;99;1085;1475;1532;2329;2;1;10;1;1990;2;514;262280
8;5;28;0;1104;2524;2524;2524;2;1;9;1;1981;2;542;278000
3;5;54;0;0;0;1733;1733;2;1;8;1;1955;2;452;139600
9;5;0;208;240;1992;1992;2868;3;1;11;1;2005;3;716;556581
5;5;13;0;686;990;990;990;1;1;5;0;1996;2;672;145000
5;4;3;75;0;0;1771;1771;1;1;9;1;1960;2;336;115000
4;7;4;0;0;0;930;930;1;1;6;0;1946;1;308;84900
7;5;0;0;0;1302;1302;1302;2;1;6;0;2007;2;436;176485
7;5;0;0;0;1316;1316;1316;2;1;6;1;2007;2;440;200141
6;6;29;272;442;816;1127;1977;1;1;9;1;1964;2;540;165000
5;6;8;145;383;1216;1526;1526;1;1;7;1;1957;1;364;144500
8;5;4;210;932;1065;1091;1989;2;1;7;1;2002;2;586;255000
6;5;32;160;644;1193;1523;1523;2;1;7;1;1976;2;478;180000
7;5;1;240;659;1364;1364;1364;2;1;6;1;2005;2;484;185850
7;6;15;0;595;973;979;1850;2;1;7;1;1994;2;467;248000
9;5;1;154;936;1104;1130;2184;2;1;10;1;2008;3;836;335000
6;7;57;480;297;854;1096;1991;1;1;7;1;1977;2;432;220000
8;5;9;0;616;1338;1338;1338;2;1;6;0;2001;2;582;213500
3;4;58;0;0;894;894;894;1;1;6;0;1994;3;1248;81000
5;5;57;0;0;662;1422;2337;2;2;10;0;1945;2;560;90000
6;6;26;0;397;1103;1103;1103;1;1;5;1;1976;2;440;110500
5;6;43;200;740;1154;1154;1154;1;1;6;1;1966;2;480;154000
7;5;13;0;1201;1306;1306;2260;2;1;7;0;1996;2;533;328000
6;7;15;0;0;799;799;1571;2;1;7;1;1993;2;380;178000
6;6;44;360;674;780;798;1611;1;1;7;0;1964;2;442;167900
6;4;33;0;837;942;1291;2521;2;1;10;1;1973;2;576;151400
5;7;4;0;220;845;893;893;1;1;4;0;1985;2;576;135000
5;5;51;120;586;1048;1048;1048;1;1;6;0;1956;1;286;135000
6;6;41;0;298;727;829;1556;1;1;8;0;1968;2;441;154000
5;3;56;0;0;810;1002;1456;1;1;7;1;1954;1;280;91500
6;6;32;140;535;690;698;1426;1;1;6;0;1977;2;440;159500
7;5;1;0;0;1240;1240;1240;2;1;5;0;2006;3;826;194000
7;6;23;0;410;800;960;1740;1;1;6;2;1940;1;240;219500
5;8;17;0;626;796;1096;1466;2;1;7;1;1950;2;566;170000
5;5;37;0;75;1096;1096;1096;1;1;6;0;1969;1;299;138800
6;5;2;169;662;848;848;848;1;1;3;1;2004;2;420;155900
5;5;13;0;495;990;990;990;1;1;5;0;1996;1;299;126000
6;7;4;144;656;1258;1258;1258;2;1;5;0;1971;2;528;145000
5;5;47;0;824;1040;1040;1040;1;1;5;0;1963;1;308;133000
7;5;5;100;0;1459;1459;1459;2;1;6;1;2002;2;527;192000
6;6;42;425;553;1251;1251;1251;1;1;6;2;1964;1;461;160000
6;5;10;0;592;691;691;1498;2;1;6;1;1995;2;409;187500
6;6;18;0;747;936;996;996;1;1;5;0;1992;2;564;147000
4;5;37;0;334;546;546;1092;1;1;6;0;1973;1;286;83500
8;5;3;0;0;1082;1082;1953;2;1;9;1;2005;3;1043;252000
7;5;2;50;0;970;970;1709;2;1;7;0;2004;2;380;137500
8;5;1;0;1039;1247;1247;1247;1;1;4;1;2005;2;550;197000
3;4;59;0;0;0;1040;1040;2;2;6;0;1987;2;400;92900
7;5;8;212;510;600;624;1252;2;1;4;0;1999;2;462;160000
6;5;58;0;423;1181;1390;1694;2;1;7;1;1925;2;576;136500
5;8;8;166;661;864;1200;1200;1;1;6;0;1977;2;884;146000
5;7;10;0;248;936;936;936;1;1;4;0;1956;1;308;129000
6;5;1;0;24;1314;1314;1314;2;1;6;1;2006;2;440;176432
6;7;1;0;0;684;773;1355;1;1;7;0;1920;0;0;127000
8;5;21;0;0;1074;1088;1088;1;1;5;0;1987;2;461;170000
4;6;59;0;672;672;757;1324;1;1;6;0;1936;1;240;128000
7;5;31;206;704;1271;1601;1601;2;1;7;1;1978;2;478;157000
2;5;59;0;290;290;438;438;1;1;3;0;1930;1;246;60000
5;5;36;0;412;950;950;950;1;1;5;0;1981;1;280;119500
5;7;5;45;588;1010;1134;1134;1;1;6;0;1960;1;254;135000
6;6;47;0;655;655;1194;1194;1;1;6;1;1954;2;539;159500
5;5;37;304;0;630;630;1302;2;1;6;0;1970;2;440;106000
8;5;15;362;1032;1463;1500;2622;2;1;9;2;1994;2;712;325000
7;5;16;0;738;910;1442;1442;2;1;6;1;1990;2;719;179900
7;5;0;0;0;868;887;2021;2;1;9;1;2006;2;422;274725
6;5;7;0;0;924;948;1690;2;1;7;1;2000;2;463;181000
8;5;4;42;1039;1836;1836;1836;2;1;7;1;2004;3;862;280000
6;5;12;0;219;773;773;1658;2;1;8;1;1995;2;431;188000
7;6;32;660;403;803;1098;1964;2;1;8;1;1976;2;483;205000
5;7;49;0;708;816;816;816;1;1;5;0;1957;1;308;129900
5;7;1;0;643;1008;1008;1008;1;1;6;0;1953;1;240;134500
5;7;6;0;415;833;833;833;1;1;4;0;1955;1;326;117000
8;5;0;328;1004;1734;1734;1734;2;1;7;1;2007;3;928;318000
8;5;7;0;353;408;779;1419;2;1;7;1;2002;2;527;184100
5;7;5;0;702;894;894;894;1;1;5;0;1967;2;450;130000
5;6;21;0;0;533;1021;1601;1;1;6;0;1958;1;300;140000
5;5;47;0;369;1040;1040;1040;1;1;6;0;1959;1;286;133700
6;5;57;0;0;1012;1012;1012;1;1;6;1;1920;1;308;118400
7;5;0;196;24;1552;1552;1552;2;1;7;0;2005;3;782;212900
4;3;53;0;0;672;960;960;1;1;5;0;1956;1;288;112000
5;9;1;0;0;698;698;698;1;1;4;0;2003;0;0;118000
7;5;15;170;0;384;812;1482;2;1;7;1;1992;2;392;163900
4;5;54;0;0;1005;1005;1005;1;1;5;1;1977;2;672;115000
7;5;2;130;0;1373;1555;1555;2;1;7;1;2007;3;660;174000
7;5;3;0;1300;1530;1530;1530;2;1;7;1;2004;3;630;259000
7;5;2;0;0;847;847;1959;2;1;8;1;2004;2;434;215000
5;5;27;180;936;936;936;936;1;1;4;0;1980;2;672;140000
4;3;59;0;622;1122;1328;1981;2;1;7;2;1981;2;576;135000
5;5;15;0;212;974;974;974;1;1;5;0;1939;0;0;93500
6;4;57;0;0;1008;1178;2210;2;1;8;0;1930;1;205;117500
8;5;14;0;584;1128;1142;2020;2;1;8;1;1995;2;466;239500
6;5;10;0;0;916;916;1600;2;1;7;1;1997;2;460;169000
6;5;57;0;0;960;986;986;1;1;5;1;1926;1;180;102000
6;5;58;0;280;1032;1032;1252;1;1;6;0;1950;1;288;119000
5;8;14;0;0;780;780;1020;1;1;6;0;1978;0;0;94000
6;5;32;0;1567;1567;1567;1567;2;1;5;2;1977;2;714;196000
5;5;57;0;645;915;1167;1167;1;1;6;1;1972;2;495;144000
5;7;57;0;852;952;952;952;1;1;4;0;1988;2;840;139000
5;7;33;44;381;780;1088;1868;2;1;9;1;1976;2;484;197500
8;5;0;340;1150;1466;1466;2828;3;1;11;1;2006;3;1052;424870
5;3;49;0;288;1006;1006;1006;1;1;5;0;2003;0;0;80000
4;4;60;0;348;672;672;924;1;1;5;0;1941;1;280;80000
5;6;56;0;0;1042;1042;1576;1;1;8;1;1928;1;225;149000
6;5;21;85;1258;1298;1298;1298;2;1;5;1;1985;2;403;180000
7;7;59;0;275;704;860;1564;1;1;7;1;1941;1;234;174500
7;7;58;0;0;572;572;1111;1;1;5;1;1982;1;288;116900
7;9;21;0;624;650;832;1482;1;1;7;0;1930;2;324;143000
6;5;57;0;0;932;932;932;1;1;4;1;1950;1;306;124000
5;4;47;132;176;1466;1466;1466;1;1;6;2;1959;2;528;149900
6;7;2;0;296;1073;1811;1811;1;1;6;1;1956;2;470;230000
6;8;1;0;538;816;816;816;1;1;5;0;2002;1;432;120500
7;6;20;288;454;864;902;1820;1;1;8;2;1965;2;492;201800
5;8;3;0;1157;1437;1437;1437;2;1;6;1;1976;2;528;218000
5;8;9;0;633;1219;1265;1265;2;1;6;1;1965;2;502;179900
7;5;1;166;904;1314;1314;1314;2;1;6;1;2008;2;626;230000
8;5;0;186;0;1580;1580;1580;2;1;7;0;2008;3;830;235128
6;6;34;270;442;901;943;1876;2;1;8;1;1974;2;540;185000
6;5;32;0;311;855;855;1456;2;1;7;1;1978;2;440;146000
6;7;2;72;728;1296;1640;1640;1;1;7;1;1993;2;924;224000
5;5;39;0;492;894;894;894;1;1;5;1;1968;2;450;129000
4;4;39;0;1198;1198;1258;1258;0;2;6;0;1969;2;400;108959
5;7;29;0;680;1360;1432;1432;1;1;5;1;1978;2;588;194000
7;5;0;268;0;1502;1502;1502;2;1;7;0;2009;2;644;233170
8;5;2;72;0;1694;1694;1694;2;1;7;0;2008;3;776;245350
6;5;6;0;786;959;959;1671;2;1;7;1;2000;2;472;173000
6;7;22;0;626;1127;1236;2108;2;1;7;2;1935;2;540;235000
10;5;10;1378;1387;1930;1831;3627;3;1;10;1;1995;3;807;625000
6;6;31;0;522;1096;1118;1118;1;1;6;1;1977;1;358;171000
6;6;50;0;662;1261;1261;1261;1;1;6;1;1958;2;433;163000
7;5;1;0;0;625;625;1250;2;1;5;0;2006;2;625;171900
5;6;13;0;152;1598;1636;3086;3;1;12;1;1977;0;0;200500
6;8;56;0;503;952;1170;2345;2;1;9;1;1932;2;360;239000
8;5;7;337;700;1683;2129;2872;2;1;9;1;1992;2;541;285000
5;5;23;0;658;876;923;923;1;1;5;0;1984;1;264;119500
6;8;5;0;468;818;818;1224;1;1;5;0;1926;1;210;115000
5;6;59;0;0;731;820;1343;1;1;7;1;1921;1;186;154900
5;5;52;0;0;0;1124;1124;1;1;5;1;1940;0;0;93000
7;5;15;0;1216;1216;1298;2514;2;1;8;0;1990;2;693;250000
8;5;0;186;1480;1600;1652;1652;2;1;5;1;2008;2;482;392500
10;5;11;0;2096;2396;2411;4476;3;1;10;2;1996;3;813;745000
5;6;56;0;821;1120;1130;1130;1;1;5;1;1970;2;720;120000
5;4;44;226;1159;1572;1572;1572;1;1;5;2;1963;3;995;186700
5;7;56;0;392;784;949;1221;1;1;7;0;1965;1;392;104900
3;5;39;0;440;978;1014;1699;2;2;7;0;1920;2;420;95000
8;5;11;0;1456;1624;1624;1624;2;1;5;1;1994;3;757;262000
7;5;7;95;0;831;831;1660;2;1;7;0;2002;2;493;195000
7;5;11;0;0;994;1028;1804;2;1;7;1;1999;2;442;189000
4;4;32;149;1159;1249;1622;1622;1;1;7;1;1975;4;1356;168000
8;5;7;456;0;776;764;1441;2;1;5;0;1999;2;492;174000
5;8;13;0;0;702;842;1472;1;1;6;0;1925;1;250;125000
6;5;10;425;883;1224;1224;1224;2;1;5;0;1999;2;402;165000
6;7;41;143;371;663;663;1352;1;1;7;0;1969;1;299;158000
6;5;3;0;0;728;728;1456;2;1;8;0;2005;2;400;176000
7;5;0;0;0;879;879;1863;2;1;9;1;2006;3;660;219210
7;6;56;0;0;815;815;1690;1;1;7;1;1916;1;225;144000
7;5;8;0;0;1212;1212;1212;2;1;6;0;2001;2;573;178000
4;5;27;51;547;1051;1382;1382;1;1;6;1;1974;2;459;148000
4;5;36;0;0;864;864;864;1;1;5;0;1972;1;280;116050
7;5;11;0;0;866;866;1779;2;1;6;0;1998;2;546;197900
5;8;12;0;0;884;884;1348;1;1;5;1;1960;1;216;117000
7;5;8;171;0;1630;1630;1630;2;1;6;1;2000;2;451;213000
5;6;31;0;788;1056;1074;1074;1;1;6;0;1975;2;495;153500
7;7;18;234;485;2158;2196;2196;2;1;7;1;1990;3;701;271900
4;4;40;0;1056;1056;1056;1056;1;1;5;0;1966;1;384;107000
6;5;3;120;340;1682;1700;1700;2;1;7;0;2003;2;544;200000
5;7;28;0;504;931;1283;1283;1;1;6;0;1980;2;506;140000
8;5;0;420;1220;1660;1660;1660;2;1;8;1;2006;2;500;290000
6;5;18;0;0;1055;1055;1845;2;1;8;1;1992;2;462;189000
8;7;5;0;427;559;1080;1752;2;1;8;0;1988;2;492;164000
4;6;59;0;344;672;672;672;1;1;4;0;1941;1;234;113000
4;9;5;0;648;648;960;960;0;1;3;0;1965;1;364;145000
5;5;44;0;784;925;999;999;1;1;6;0;1962;1;300;134500
5;5;41;0;180;894;894;894;1;1;5;0;1966;1;384;125000
6;5;32;0;0;0;1318;1902;2;2;8;0;1978;2;539;112000
8;5;0;72;936;1300;1314;1314;2;1;6;0;2009;2;552;229456
4;5;56;0;0;0;672;912;1;1;3;0;1920;0;0;80500
6;5;35;236;0;672;672;1218;1;1;7;0;1965;0;0;91500
5;5;42;0;312;912;912;912;1;1;5;0;1964;1;288;115000
5;5;40;0;250;952;1211;1211;1;1;5;1;1968;1;322;134000
6;6;57;320;196;1040;1168;1846;2;1;7;1;1949;1;315;143000
5;3;55;44;756;2136;2136;2136;2;1;7;0;1951;2;528;137900
7;5;3;0;724;788;788;1490;2;1;8;1;2004;2;388;184000
6;8;49;63;507;588;1138;1138;1;1;6;0;1958;1;264;145000
6;5;1;74;0;894;894;1933;2;1;9;1;2007;3;668;214000
5;8;0;300;595;912;912;912;1;1;5;0;1992;2;576;147000
9;5;0;766;1540;1702;1702;1702;1;1;7;1;2008;3;1052;367294
5;5;48;0;666;1075;1507;1507;2;1;7;0;1960;1;404;127000
5;5;30;1;498;1361;1361;2620;2;2;12;1;1977;2;600;190000
5;6;44;120;803;1106;1190;1190;1;1;6;0;1962;2;540;132500
4;5;45;0;0;0;1224;1224;2;2;6;0;1962;2;462;101800
5;5;51;180;1000;1188;1188;1188;1;1;6;0;1959;2;531;142000
5;6;58;0;0;940;1024;1964;1;1;7;0;1954;0;0;130000
5;5;56;0;0;747;892;1784;1;1;9;0;1914;1;180;138887
7;5;7;106;0;764;764;1626;2;1;6;0;2003;2;474;175500
7;5;1;0;0;847;847;1948;2;1;8;1;2004;2;434;195000
6;5;1;0;0;1141;1141;1141;1;1;6;0;2005;2;484;142500
8;5;1;32;428;1476;1484;1484;2;1;6;1;2006;2;472;265900
7;5;5;252;550;884;884;1768;2;1;8;0;2003;2;543;224900
7;6;0;0;0;1689;1689;1689;2;1;7;0;2007;3;954;248328
7;6;36;81;885;1053;1173;1173;2;1;6;2;1974;2;528;170000
10;5;0;816;1386;2076;2076;2076;2;1;7;1;2006;3;850;465000
8;7;56;0;0;792;792;1517;1;1;7;2;1931;2;400;230000
6;7;4;74;0;585;1140;1868;3;1;7;1;1984;2;477;178000
7;5;0;0;0;756;756;1553;2;1;6;0;2005;2;615;186500
6;5;34;335;539;1012;1034;1034;1;1;6;0;1976;3;888;169900
6;5;58;0;319;735;1134;2058;1;1;8;1;1950;2;396;129500
5;7;57;0;534;876;988;988;1;1;6;0;1950;1;276;119000
7;5;42;0;1065;2110;2110;2110;2;1;8;2;1968;2;522;244000
7;5;3;163;0;1405;1405;1405;2;1;6;1;2003;2;478;171750
5;6;41;0;510;864;874;874;1;1;5;0;1968;1;288;130000
7;7;4;0;125;1192;1516;2167;2;1;9;2;1974;2;518;294000
7;5;4;92;0;746;760;1656;2;1;7;1;2003;2;397;165400
6;6;57;0;425;884;959;1367;1;1;6;1;1978;1;560;127500
8;5;14;554;1314;1986;1987;1987;2;1;7;1;1994;2;691;301500
5;8;59;0;0;864;864;864;1;1;4;0;1954;0;0;99900
7;5;3;182;655;856;1166;1166;2;1;5;0;2005;2;400;190000
6;8;39;0;602;1054;1054;1054;1;1;6;0;1969;2;460;151000
6;5;10;0;0;841;892;1675;2;1;7;1;1999;2;502;181000
5;6;53;0;504;1050;1050;1050;1;1;5;0;1956;1;338;128900
4;5;20;0;0;1104;1104;1788;1;1;8;2;1957;1;304;161500
6;6;57;0;0;764;1060;1824;1;1;8;1;1940;2;520;180500
6;5;9;0;266;1405;1337;1337;2;1;5;0;1998;2;511;181000
7;5;7;218;450;691;713;1452;2;1;6;0;1999;2;506;183900
7;4;57;0;0;925;964;1889;1;2;9;1;1960;1;308;122000
9;5;1;0;0;2002;2018;2018;2;1;10;1;2009;3;746;378500
8;9;11;632;192;728;1968;3447;3;1;11;2;1982;3;1014;381000
5;5;49;180;460;874;874;1524;1;1;7;0;1958;1;315;144000
7;6;31;0;1258;1332;1332;1524;0;1;4;1;1979;2;586;260000
6;7;41;0;0;1489;1489;1489;2;1;7;1;1968;2;462;185750
5;6;41;114;560;935;935;935;1;1;5;0;1965;1;288;137000
6;7;2;84;719;1019;1357;1357;1;1;5;1;1959;1;312;177000
5;6;4;0;0;661;661;1250;2;1;8;1;1985;2;552;139000
5;5;57;567;220;928;928;1920;2;2;10;0;1948;2;400;137000
6;6;37;0;593;723;735;1395;1;1;6;1;1972;2;497;162000
6;5;33;359;528;1680;1724;1724;1;1;7;1;1967;2;480;197900
8;5;6;115;804;1128;1128;2031;2;1;7;1;2002;2;577;237000
4;4;60;0;0;698;698;1128;1;1;6;0;1980;2;528;68400
7;5;7;110;788;1573;1573;1573;2;1;6;0;2002;2;544;227000
7;5;16;54;1053;1309;1339;1339;2;1;6;1;1990;2;484;180000
5;7;1;0;532;1040;1040;1040;2;1;5;0;1977;2;484;150500
6;5;39;0;0;912;912;1824;2;2;8;0;1953;0;0;139000
6;7;20;0;0;804;1699;2447;2;1;10;1;1969;1;336;169000
6;6;59;0;0;780;825;1412;1;1;6;1;1939;1;280;132500
6;5;47;451;569;1328;1328;1328;1;1;6;2;1963;2;528;143000
5;5;42;621;812;1624;1582;1582;2;1;7;0;1964;2;390;190000
8;5;9;0;1158;1501;1659;1659;2;1;5;1;2000;2;499;278000
8;5;0;788;0;1085;1120;1970;2;1;8;1;2006;3;753;281000
5;7;46;86;1014;1152;1152;1152;1;1;6;1;1964;2;484;180500
5;7;37;268;231;630;630;1302;2;1;6;0;1972;1;264;119500
5;4;44;0;0;994;1378;2372;2;2;11;0;1985;1;432;107500
7;5;30;0;194;832;832;1664;2;1;8;1;1976;2;528;162900
5;7;16;0;167;864;864;864;1;1;5;0;1957;2;572;115000
5;5;38;168;1016;1052;1052;1052;1;1;5;0;1968;1;288;138500
5;6;45;148;776;1120;1128;1128;2;1;6;0;1963;2;525;155000
6;5;0;82;547;547;1072;1072;2;1;5;0;2005;2;525;140000
10;5;0;796;5644;6110;4692;5642;2;1;12;3;2008;2;1418;160000
5;7;16;0;340;1246;1246;1246;1;1;6;0;1959;1;305;154000
7;5;10;344;694;978;1005;1983;2;1;9;1;1999;2;490;225000
6;7;59;0;547;771;753;1494;1;1;7;2;1942;1;213;177500
8;5;12;391;740;1165;1203;2526;2;1;8;1;1994;3;844;290000
7;5;1;228;0;1616;1616;1616;2;1;7;0;2005;3;834;232000
7;5;2;117;0;976;976;1708;2;1;7;0;2004;2;380;130000
9;5;2;300;1572;1652;1652;1652;2;1;6;2;2006;2;840;325000
7;5;0;94;0;1368;1368;1368;2;1;6;1;2005;2;474;202500
5;5;14;0;746;990;990;990;1;1;5;0;2000;2;480;138000
5;7;3;0;144;924;1122;1122;1;1;6;0;1948;2;528;147000
6;5;17;88;1200;1278;1294;1294;2;1;6;0;1991;2;496;179200
7;8;8;0;1406;1902;1902;1902;2;1;7;2;1959;2;567;335000
7;5;0;80;925;1274;1274;1274;2;1;6;0;2005;2;508;203000
8;5;17;336;482;1453;1453;2810;2;1;9;1;1990;2;750;302000
9;5;11;165;0;1393;1422;2599;2;1;10;1;1999;3;779;333168
4;6;53;0;732;948;948;948;1;1;5;1;1956;1;280;119000
6;5;39;0;500;952;1092;2112;2;1;9;2;1969;2;576;206900
8;5;1;270;0;1622;1630;1630;2;1;8;1;2008;3;860;295493
7;5;0;0;0;1352;1352;1352;2;1;5;1;2006;2;466;208900
8;5;4;178;0;1753;1787;1787;2;1;7;1;2001;3;748;275000
4;5;53;132;492;864;948;948;1;1;5;0;1954;1;248;111000
6;3;52;0;189;1478;1478;1478;1;1;6;2;1957;2;442;156500
3;6;58;0;0;0;720;720;1;1;4;0;1955;1;287;72500
7;5;18;0;674;750;1061;1923;2;1;8;1;1992;2;564;190000
4;7;59;0;280;420;708;708;1;1;5;0;1950;0;0;82500
8;5;0;428;0;1795;1795;1795;2;1;7;1;2007;3;895;147000
4;4;58;0;0;796;796;796;1;1;5;0;1971;0;0;55000
3;6;1;0;544;544;774;774;1;1;6;0;1949;0;0;79000
5;9;0;0;641;816;816;816;1;1;5;1;1982;1;264;130500
6;7;58;0;493;1510;1584;2792;2;1;8;2;1920;2;520;256000
7;5;8;0;0;935;955;1632;2;1;8;1;1998;2;462;176500
8;5;1;410;0;1588;1588;1588;2;1;7;1;2006;3;825;227000
5;5;30;0;483;911;954;954;1;1;6;0;1976;2;576;132500
4;6;51;0;690;816;816;816;1;1;3;1;1958;1;288;100000
5;6;11;0;0;803;803;1360;1;1;6;0;1951;1;297;125500
5;6;39;312;765;765;765;1365;1;1;7;0;1970;2;440;125000
6;5;32;360;686;1350;1334;1334;2;1;6;1;1977;2;630;167900
5;5;35;564;0;1656;1656;1656;2;2;8;0;1973;2;506;135000
4;4;56;0;0;693;693;693;1;1;4;0;1982;0;0;52500
7;5;4;0;700;916;920;1861;2;1;8;0;2002;2;492;200000
5;7;34;0;360;864;864;864;1;1;5;0;1972;1;288;128500
4;5;36;0;0;858;872;872;1;1;5;0;1974;4;480;123000
6;5;4;0;814;1114;1114;1114;1;1;6;0;2004;2;576;155000
8;5;5;149;0;1284;1284;2169;2;1;7;1;2002;2;647;228500
6;6;59;0;0;896;1172;1913;1;1;9;1;1929;2;342;177000
7;5;1;0;0;728;728;1456;2;1;8;1;2006;2;440;155835
4;4;57;0;250;960;960;960;1;1;5;0;1997;1;308;108500
7;7;3;0;297;1568;2156;2156;2;1;9;1;1968;2;508;262500
8;5;0;100;80;1732;1776;1776;2;1;7;1;2006;3;712;283463
7;5;9;0;1443;1482;1494;1494;2;1;5;1;1998;2;514;215000
8;5;21;0;259;684;938;2358;2;1;8;0;1916;0;0;122000
5;5;40;368;500;1248;1338;2634;2;2;12;0;1969;4;968;200000
6;6;46;318;319;858;858;1716;1;1;8;1;1962;2;490;171000
6;9;9;0;0;698;786;1176;1;1;4;0;1999;2;624;134900
8;5;14;579;816;2033;2053;3238;2;1;9;1;1996;3;666;410000
7;5;8;0;735;992;992;1865;2;1;7;1;2000;3;839;235000
7;6;14;143;0;570;1222;1920;3;1;8;1;1968;2;487;170000
5;5;42;65;340;864;892;892;1;1;5;0;1966;1;264;110000
5;6;2;0;734;1078;1078;1078;1;1;6;1;1971;2;500;149900
6;5;10;216;378;756;769;1573;2;1;5;0;2000;2;440;177500
9;5;1;66;1447;1980;1980;1980;2;1;8;1;2004;3;770;315000
5;6;10;0;0;612;990;2601;3;1;8;0;1998;2;621;189000
7;5;4;16;1274;1530;1530;1530;2;1;7;1;2005;2;430;260000
4;4;2;0;0;715;1281;1738;2;1;7;1;1920;1;368;104900
6;5;0;0;0;616;616;1412;2;1;6;1;2007;2;432;156932
7;5;1;0;0;600;520;1200;2;1;4;0;2005;2;480;144152
7;5;10;0;533;814;814;1674;2;1;7;0;2000;2;663;216000
7;5;9;158;633;873;882;1790;2;1;7;0;1999;2;588;193000
5;6;29;0;548;757;925;1475;2;1;6;1;1977;1;336;127000
6;5;5;170;685;848;848;848;1;1;4;0;2003;2;420;144000
8;5;7;171;370;1657;1668;1668;2;1;8;1;2003;2;502;232000
4;6;59;0;315;840;840;1374;1;1;6;0;1967;1;338;105000
6;6;12;0;831;992;1661;1661;1;1;8;1;1955;1;377;165500
7;6;8;0;975;1108;1108;2097;2;1;8;1;1998;2;583;274300
10;5;5;705;1282;2633;2633;2633;2;1;8;2;2001;3;804;466500
7;5;3;0;0;1026;1026;1958;2;1;9;1;2005;3;936;250000
8;5;0;80;0;1571;1571;1571;2;1;7;1;2007;3;722;239000
6;5;58;0;384;768;790;790;1;1;4;0;1925;1;160;91000
5;5;49;0;408;984;984;1604;2;1;6;0;1977;2;660;117000
6;5;33;408;309;483;483;987;1;1;5;0;1973;1;264;83000
5;5;1;0;0;384;754;1394;2;1;7;0;2007;2;400;167500
3;3;60;0;203;864;864;864;1;1;5;0;1938;1;200;58500
6;7;38;0;865;1205;2117;2117;2;1;7;2;1970;2;550;237500
7;7;56;0;0;596;998;1762;1;1;8;0;1989;2;576;157000
5;7;0;0;0;816;1416;1416;2;1;7;0;2007;2;576;112000
6;5;59;0;204;560;698;1258;1;1;6;0;1939;1;280;105000
4;8;3;0;735;796;796;1154;1;1;7;0;1922;1;240;125500
7;5;28;184;790;1392;1392;2784;3;1;12;2;1978;2;564;250000
6;7;57;0;168;714;1664;2526;2;1;10;1;1916;1;216;136000
9;5;2;160;1320;1746;1746;1746;2;1;7;2;2006;3;758;377500
6;6;57;0;375;735;869;1218;1;1;6;1;2003;2;440;131000
7;5;6;244;1400;1525;1525;1525;2;1;6;0;2000;2;541;235000
5;5;42;0;0;1584;1584;1584;2;2;8;0;1967;3;792;124000
5;5;39;0;769;864;900;900;1;1;6;1;1967;1;288;123000
6;7;8;0;0;482;1221;1912;2;2;7;1;2003;2;672;163000
7;5;0;45;1070;1356;1500;1500;2;1;6;1;2006;3;648;246578
8;5;1;245;0;1094;1133;2482;2;1;9;1;2005;3;642;281213
5;5;60;0;353;747;1687;1687;1;1;7;2;1966;2;572;160000
5;8;3;0;0;939;939;1513;1;1;8;0;1933;1;180;137500
5;4;27;0;180;1208;1136;1904;1;1;7;0;1950;1;240;138000
6;6;19;0;264;976;1160;1608;2;1;7;1;1925;1;216;137450
6;7;58;0;0;862;950;1158;1;1;5;1;1929;1;208;120000
6;5;4;0;759;839;864;1593;2;1;8;1;2004;2;398;193000
7;5;0;0;0;1286;1294;1294;2;1;6;1;2006;2;662;193879
8;5;0;84;929;1485;1464;1464;2;1;6;0;2007;3;754;282922
3;4;56;0;0;672;694;1214;1;1;6;0;1998;3;936;105000
8;5;3;174;1373;1594;1646;1646;2;1;5;1;2004;2;482;275000
5;7;2;0;656;768;768;768;1;1;5;0;1988;2;396;133000
5;5;24;0;625;833;833;833;1;1;5;0;1965;0;0;112000
4;7;60;0;0;622;741;1363;1;1;6;0;1966;2;528;125500
7;6;17;123;0;791;1236;2093;2;1;7;1;1986;2;542;215000
7;5;8;0;666;944;944;1840;2;1;6;0;2001;2;622;230000
6;8;4;0;120;856;1112;1668;1;1;6;0;1950;1;271;140000
4;5;59;0;0;0;1040;1040;2;2;6;0;1956;2;420;90000
8;5;3;366;976;1844;1844;1844;2;1;7;1;2005;2;620;257000
6;7;8;0;0;833;1053;1848;1;1;8;1;1922;2;370;207000
7;5;2;130;988;1386;1569;1569;2;1;7;1;2007;3;660;175900
4;6;60;0;0;777;1246;2290;2;2;11;0;1971;2;560;122500
8;5;11;731;781;1284;1310;2450;2;1;7;1;1998;3;1069;340000
5;5;45;0;25;1144;1144;1144;1;1;6;0;1962;1;336;124000
6;5;37;312;1110;1844;1844;1844;2;1;7;1;1969;2;540;223000
6;6;38;420;404;708;708;1416;2;1;7;1;1968;2;776;179900
6;5;33;0;360;1069;1069;1069;2;1;4;1;1977;2;440;127500
6;5;5;170;686;848;848;848;1;1;3;0;2003;2;420;136500
6;7;40;0;0;697;1575;2201;2;1;8;1;1966;2;432;274970
5;5;24;0;457;1024;1344;1344;1;1;6;1;1970;1;484;144000
6;6;49;243;0;1252;1252;1252;1;1;7;0;1960;2;528;142000
7;5;14;448;1000;1223;1223;2127;2;1;5;2;1994;2;525;271000
5;6;58;0;580;913;1048;1558;1;1;6;1;1962;1;288;140000
5;7;18;294;510;788;804;804;1;1;4;2;1940;1;240;119000
6;7;26;310;678;1440;1440;1440;2;1;7;1;1981;2;467;182900
5;5;1;0;0;732;734;1838;2;1;7;1;2005;2;372;192140
6;6;33;0;958;958;958;958;2;1;5;0;1976;2;440;143750
4;6;0;0;0;656;968;968;2;1;5;0;1928;1;216;64500
6;5;8;318;0;936;962;1792;2;1;8;1;2000;2;451;186500
5;5;29;0;936;1126;1126;1126;2;1;5;1;1977;2;484;160000
6;9;3;237;0;1319;1537;1537;1;1;7;1;1962;2;462;174000
4;6;36;0;616;864;864;864;1;1;5;0;1974;2;528;120500
8;5;0;426;1336;1932;1932;1932;2;1;7;1;2008;3;774;394617
6;7;14;0;600;912;1236;1236;1;1;6;0;1957;2;923;149700
7;6;28;96;315;539;1040;1725;2;1;6;1;1979;2;550;197000
6;7;14;0;0;588;1423;2555;2;1;11;1;1993;2;672;191000
6;5;4;147;697;848;848;848;1;1;3;1;2004;2;420;149300
10;5;1;160;765;1017;1026;2007;2;1;10;1;2008;3;812;310000
6;6;59;0;0;952;952;952;1;1;4;1;1916;1;192;121000
7;5;3;106;0;1422;1422;1422;2;1;7;0;2004;2;626;179600
6;5;41;0;187;814;913;913;1;1;6;0;1990;1;240;129000
5;7;48;189;593;1188;1188;1188;1;1;6;0;1962;1;312;157900
8;5;11;438;1079;1220;1220;2090;2;1;8;1;1995;2;556;240000
4;7;7;0;0;560;796;1346;1;1;6;0;1950;1;384;112000
5;7;36;0;553;630;630;630;1;1;3;0;1962;0;0;92000
5;5;35;0;0;896;896;1792;2;2;8;0;1957;0;0;136000
8;5;0;194;0;1573;1578;1578;2;1;7;1;2008;3;840;287090
5;5;1;80;547;547;1072;1072;1;1;5;0;2005;2;525;145000
5;5;0;0;0;1140;1140;1140;1;1;6;0;1993;0;0;84500
7;5;4;0;410;1221;1221;1221;2;1;6;0;2004;2;400;185000
6;5;7;0;0;953;953;1647;2;1;7;1;1999;2;460;175000
6;6;22;119;790;1542;2073;2073;2;1;7;2;1978;2;500;210000
7;9;4;0;275;1152;1188;2340;2;1;9;2;1941;1;252;266500
5;6;14;0;49;1078;1078;1078;1;1;5;0;1950;1;240;142125
5;6;43;0;830;1256;1256;1256;1;1;6;0;1965;1;276;147500
